{"name":"t:sections.footer.name","type":"footer","sections":{"ss_wave_2_6rgQPa":{"type":"ss-wave-2","settings":{"wave_height":120,"wave_height_mobile":80,"wave_animation":true,"wave_rotate":false,"wave_color":"#f4f4f4","background_color":"#ffffff","background_gradient":"","border_color":"#000000","margin_top":0,"margin_bottom":0,"padding_top":0,"padding_bottom":0,"padding_horizontal":0,"padding_horizontal_mobile":0,"full_width":true,"content_width":120,"border_thickness":0}},"footer":{"type":"footer","blocks":{"link_list_VPyamx":{"type":"link_list","settings":{"heading":"Liens rapides","menu":"main-menu"}},"text_eGrnta":{"type":"text","settings":{"heading":"Customer Service","subtext":"<p><strong>Mail:<\/strong> <br\/><\/p><p><strong>Hours:<\/strong> 24\/7 – Available every day,<\/p><p> at any time.<\/p>"}},"link_list_WFziVd":{"type":"link_list","settings":{"heading":"Quick links","menu":"footer"}}},"block_order":["link_list_VPyamx","text_eGrnta","link_list_WFziVd"],"settings":{"color_scheme":"scheme-2","newsletter_enable":false,"newsletter_heading":"Subscribe to our emails","enable_follow_on_shop":false,"show_social":true,"enable_country_selector":true,"enable_language_selector":true,"payment_enable":true,"show_policy":true,"margin_top":0,"padding_top":36,"padding_bottom":36}}},"order":["ss_wave_2_6rgQPa","footer"]}