{"name":"t:sections.header.name","type":"header","sections":{"announcement_barre_whYeYx":{"type":"Announcement-barre","blocks":{"banner_6V8nKk":{"type":"banner","settings":{"item":"30 Days Money-Back Guarantee","item_lnk":""}},"banner_kMcLpw":{"type":"banner","settings":{"item":"Free Delivery","item_lnk":""}},"banner_D9qqbk":{"type":"banner","settings":{"item":"Winter Sale","item_lnk":""}}},"block_order":["banner_6V8nKk","banner_kMcLpw","banner_D9qqbk"],"settings":{"text_color":"#ffffff","text_size":18,"text_weight":"bold","italic":false,"border_style":"solid","border_color":"#1c1c1c","border_size":0,"margin_top":1,"margin_bottom":1,"padding":1.4,"bg_color":"#000000","duration":140,"reverse":false,"font":"poppins_n7"}},"header":{"type":"header","settings":{"logo_position":"middle-center","menu":"main-menu","menu_type_desktop":"dropdown","sticky_header_type":"on-scroll-up","show_line_separator":true,"color_scheme":"scheme-1","menu_color_scheme":"scheme-1","enable_country_selector":false,"enable_language_selector":false,"enable_customer_avatar":false,"mobile_logo_position":"center","margin_bottom":0,"padding_top":8,"padding_bottom":8}}},"order":["announcement_barre_whYeYx","header"]}