{"sections":{"cart-items":{"type":"main-cart-items","settings":{"color_scheme":"scheme-1","padding_top":36,"padding_bottom":36}},"cart-footer":{"type":"main-cart-footer","blocks":{"subtotal":{"type":"subtotal","settings":{}},"buttons":{"type":"buttons","settings":{}}},"block_order":["subtotal","buttons"],"settings":{"color_scheme":"scheme-1","padding_top":20,"padding_bottom":40}},"ss_feature_12_kkM6cH":{"type":"ss-feature-12","blocks":{"item_Uz86YK":{"type":"item","settings":{"icon":"truck","title":"Livraison rapide et suivie","text":"Recevez votre colis en 3 à 5 jours avec un suivi précis pour une tranquillité totale","url":"","icon_color":"#f83062","icon_bg_color":"#ffe9f1","icon_shadow_color":"#fef4f6"}},"item_3QW4pq":{"type":"item","settings":{"icon":"return_arrow","title":"Garantie satisfait ou remboursé","text":"Commandez sans crainte : retour et remboursement possible sous 30 jours.","url":"","icon_color":"#2d7156","icon_bg_color":"#aef2d7","icon_shadow_color":"#e5fdf3"}},"item_7rxw3X":{"type":"item","settings":{"icon":"payment","title":"Paiement 100 % sécurisé","text":"Vos données bancaires sont protégées grâce au cryptage SSL avancé.","url":"","icon_color":"#2168f2","icon_bg_color":"#e9f4ff","icon_shadow_color":"#f4fafe"}},"item_aJJzai":{"type":"item","settings":{"icon":"people","title":"Service client disponible 7j\/7","text":"Notre équipe est à votre écoute à tout moment pour répondre à vos questions","url":"","icon_color":"#d73e3e","icon_bg_color":"#ffe9e9","icon_shadow_color":"#fef6f4"}}},"block_order":["item_Uz86YK","item_3QW4pq","item_7rxw3X","item_aJJzai"],"disabled":true,"settings":{"heading":"","heading_custom":false,"heading_font":"josefin_sans_n4","heading_size":16,"heading_size_mobile":16,"heading_height":150,"heading_align":"left","heading_align_mobile":"left","items_style":"slider","items_style_mobile":"slider","items_row":4,"items_row_mobile":1.3,"items_gap":20,"items_gap_mobile":20,"items_mt":28,"items_mt_mobile":22,"item_padding_vertical":24,"item_padding_vertical_mobile":24,"item_padding_horizontal":24,"item_padding_horizontal_mobile":24,"item_radius":8,"item_border_thickness":1,"item_shadow":true,"item_hover":true,"content_align":"start","content_align_mobile":"start","icon_size":56,"icon_size_mobile":56,"hide_icon":false,"title_custom":false,"title_font":"josefin_sans_n4","title_size":18,"title_size_mobile":18,"title_height":130,"title_mt":28,"title_mt_mobile":28,"text_custom":false,"text_font":"josefin_sans_n4","text_size":16,"text_size_mobile":16,"text_height":150,"text_mt":8,"text_mt_mobile":8,"dots_size":12,"dots_size_mobile":12,"dots_mt":32,"dots_show_desktop":true,"dots_show_mobile":true,"item_bg":"#ffffff","item_border_color":"#f1f2f2","item_shadow_color":"#42474c","title_color":"#000000","text_color":"#52525b","dots_color":"#52525b","heading_color":"#0a455f","background_color":"#ffffff","background_gradient":"","border_color":"#000000","margin_top":0,"margin_bottom":0,"padding_top":36,"padding_bottom":36,"padding_horizontal":5,"padding_horizontal_mobile":1.5,"full_width":false,"content_width":150,"border_thickness":0,"lazy":true}}},"order":["cart-items","cart-footer","ss_feature_12_kkM6cH"]}