{"sections":{"sp_hero_iyg6Hp":{"type":"sp-hero","settings":{"override_fonts":false,"text_font":"sans-serif","headline_font":"sans-serif","text_size":15,"text_line_height":"inherit","text_color":"#ffffff","headline_size":45,"headline_line_height":"inherit","headline_color":"#ffffff","text_shadow":true,"background_color":"linear-gradient(164deg, rgba(255, 255, 255, 1), rgba(255, 255, 255, 1))","cover_background":"linear-gradient(164deg, rgba(17, 17, 17, 1), rgba(85, 85, 85, 1) 100%)","cover_opacity":25,"box_alignment":"center","text_alignment":"center","max_width":3000,"padding_top":25,"padding_bottom":25,"padding_left":10,"padding_right":10,"element_spacing":20,"button_background_color":"linear-gradient(164deg, rgba(17, 17, 17, 1), rgba(51, 51, 51, 1) 100%)","button_text_color":"#fff","button_padding_tb":10,"button_padding_lr":25,"button_border_radius":5,"headline":"Rediscover the Beauty of Feeling Your Best","content":"","hero_image":"shopify:\/\/shop_images\/Design-sans-titre-_13.webp","cta":"","cta_link":""}},"featured_product_9UUmJY":{"type":"featured-product","blocks":{"custom_liquid_kMdqVJ":{"type":"custom_liquid","disabled":true,"settings":{"custom_liquid":"<div class=\"product-info__liquid\">\n  <div class=\"oogalaboogla\" style=\"background: rgba(94, 23, 235, 0.05); padding: 5px 10px; display: flex; justify-content: center; align-items: center; border-radius: 10px;\">\n    <div style=\"font-size: 15px; text-align: center; line-height: 1; display: flex; align-items: center; gap: 8px; white-space: nowrap;\">\n      <span>\n        <strong>1 acheté = 1 offert<\/strong>\n      <\/span>\n    <\/div>\n  <\/div>\n<\/div>"}},"custom_liquid_QmTBEA":{"type":"custom_liquid","disabled":true,"settings":{"custom_liquid":"{% assign average_rating = 4.8 %}\n{% assign total_reviews = 962 %}\n\n<div class=\"rating-badge\" style=\"display: flex; align-items: center;\">\n  <div class=\"stars\" style=\"display: flex; gap: 1px;\">\n    {% for star in (1..5) %}\n      {% if star <= average_rating %}\n        <span style=\"color: #3383A1; font-size: 1.2em;\">&#9733;<\/span>\n      {% else %}\n        <span style=\"color: #e0e0e0; font-size: 1.2em;\">&#9734;<\/span>\n      {% endif %}\n    {% endfor %}\n  <\/div>\n  <div class=\"rating-text\" style=\"margin-left: 6px; font-size: 0.9em; color: #2e3e4e;\">\n    Excellent {{ average_rating }} | ({{ total_reviews }} Avis)\n  <\/div>\n<\/div>"}},"title_Dn4hDf":{"type":"title","settings":{"heading_size":"h1"}},"price_bF9icN":{"type":"price","settings":{}},"variant_picker_cbgHyz":{"type":"variant_picker","settings":{"picker_type":"button","swatch_shape":"circle"}},"quantity_selector_mi8emY":{"type":"quantity_selector","settings":{}},"custom_liquid_4arhBf":{"type":"custom_liquid","disabled":true,"settings":{"custom_liquid":"<div class=\"stock-warning-container\">\n  <div class=\"animated-dot\"><\/div>\n  <span class=\"stock-warning-text\">Stock en baisse<\/span> <!-- Traduction : Stock en baisse -->\n<\/div>\n\n<style>\n  \/* Stock warning container *\/\n  .stock-warning-container {\n    display: flex;\n    align-items: center;\n    gap: 10px;\n    font-family: 'Montserrat', sans-serif;\n  }\n\n  \/* Animated dot *\/\n  .animated-dot {\n    width: 12px;\n    height: 12px;\n    background-color: #FF0000; \/* Red color *\/\n    border-radius: 50%;\n    box-shadow: 0 0 10px rgba(255, 0, 0, 0.5);\n    animation: pulse 1.5s infinite;\n  }\n\n  \/* Warning text *\/\n  .stock-warning-text {\n    color: #FF0000; \/* Red color to match the dot *\/\n    font-weight: 700;\n    font-size: 16px;\n  }\n\n  \/* Dot animation (pulsing effect) *\/\n  @keyframes pulse {\n    0% {\n      transform: scale(1);\n      box-shadow: 0 0 10px rgba(255, 0, 0, 0.5);\n    }\n    50% {\n      transform: scale(1.3);\n      box-shadow: 0 0 15px rgba(255, 0, 0, 0.7);\n    }\n    100% {\n      transform: scale(1);\n      box-shadow: 0 0 10px rgba(255, 0, 0, 0.5);\n    }\n  }\n<\/style>"}},"buy_buttons_tyjMQC":{"type":"buy_buttons","settings":{"show_dynamic_checkout":true,"show_gift_card_recipient":true}},"custom_liquid_QRaegc":{"type":"custom_liquid","disabled":true,"settings":{"custom_liquid":"<div class=\"product-guarantee\" style=\"margin-top: 20px; text-align: center;\">\n  <span class=\"icon-and-text\" style=\"display: flex; align-items: center; justify-content: center; gap: 10px;\">\n    <svg aria-hidden=\"true\" focusable=\"false\" role=\"presentation\" class=\"icon icon-shield\" viewBox=\"0 0 64 64\" width=\"24\" height=\"24\" xmlns=\"http:\/\/www.w3.org\/2000\/svg\">\n      <defs>\n        <style>.a{fill:none;stroke:#000;stroke-width:2px}<\/style>\n      <\/defs>\n      <path class=\"a\" d=\"M21.18 31.69L28.54 39l15.91-15.88\"><\/path>\n      <path class=\"a\" d=\"M53 12.54v15.24a31.41 31.41 0 0 1-3.7 14.95A25.46 25.46 0 0 1 32 56a25.46 25.46 0 0 1-17.3-13.27A31.41 31.41 0 0 1 11 27.78V12.54C24.88 13.67 32 8 32 8s7.12 5.67 21 4.54z\"><\/path>\n    <\/svg>\n    <span style=\"font-size: 14px; font-weight: 500; color: #333;\">\n      PAIEMENT SECURISE\n    <\/span>\n  <\/span>\n<\/div>"}}},"block_order":["custom_liquid_kMdqVJ","custom_liquid_QmTBEA","title_Dn4hDf","price_bF9icN","variant_picker_cbgHyz","quantity_selector_mi8emY","custom_liquid_4arhBf","buy_buttons_tyjMQC","custom_liquid_QRaegc"],"settings":{"product":"bioactive-grow-serum","color_scheme":"","secondary_background":false,"media_size":"medium","constrain_to_viewport":true,"media_fit":"contain","media_position":"left","image_zoom":"lightbox","hide_variants":false,"enable_video_looping":false,"padding_top":20,"padding_bottom":0}}},"order":["sp_hero_iyg6Hp","featured_product_9UUmJY"]}