{"sections":{"sp_hero_znRU87":{"type":"sp-hero","disabled":true,"settings":{"override_fonts":false,"text_font":"sans-serif","headline_font":"sans-serif","text_size":15,"text_line_height":"inherit","text_color":"#ffffff","headline_size":43,"headline_line_height":"inherit","headline_color":"#ffffff","text_shadow":true,"background_color":"linear-gradient(164deg, rgba(255, 255, 255, 1), rgba(255, 255, 255, 1) 100%)","cover_background":"linear-gradient(164deg, rgba(17, 17, 17, 1), rgba(85, 85, 85, 1) 100%)","cover_opacity":0,"box_alignment":"center","text_alignment":"center","max_width":3000,"padding_top":25,"padding_bottom":25,"padding_left":10,"padding_right":10,"element_spacing":14,"button_background_color":"linear-gradient(164deg, rgba(17, 17, 17, 1), rgba(51, 51, 51, 1) 100%)","button_text_color":"#ffffff","button_padding_tb":10,"button_padding_lr":25,"button_border_radius":5,"headline":"","content":"","cta":"","cta_link":""}},"image_banner_Q8wBgV":{"type":"image-banner","settings":{"image_overlay_opacity":0,"image_height":"adapt","desktop_content_position":"middle-center","show_text_box":true,"desktop_content_alignment":"center","color_scheme":"","image_behavior":"none","mobile_content_alignment":"center","stack_images_on_mobile":true,"show_text_below":true}},"rich_text_LMwBUz":{"type":"rich-text","blocks":{"heading_chNcUE":{"type":"heading","settings":{"heading":"Rediscover the Beauty of Feeling Your Best","heading_size":"h1"}}},"block_order":["heading_chNcUE"],"disabled":true,"settings":{"desktop_content_position":"center","content_alignment":"center","color_scheme":"scheme-1","full_width":true,"padding_top":8,"padding_bottom":8}},"barredefilante_VkAkRf":{"type":"barredefilante","disabled":true,"settings":{"text":"30% DE REMISE JUSQU'À DEMAIN","text_size":"small","text_style":"outline","scrolling_speed":60,"text_spacing":100,"text_color":"#000000","background":"#ffffff"}},"rich_text_Cnt837":{"type":"rich-text","blocks":{"heading_ByprhE":{"type":"heading","settings":{"heading":"Featured by:","heading_size":"h1"}}},"block_order":["heading_ByprhE"],"settings":{"desktop_content_position":"center","content_alignment":"center","color_scheme":"scheme-2","full_width":true,"padding_top":40,"padding_bottom":0}},"ss_feature_1_KxT8ET":{"type":"ss-feature-1","blocks":{"image_EN693U":{"type":"image","settings":{"feature_title":"","feature_text":"","feature_image":"shopify:\/\/shop_images\/1396edd7-d38b-4afe-bc1a-4d30b3801216.webp","feature_url":"","hide_image":false}},"image_9DLP97":{"type":"image","settings":{"feature_title":"","feature_text":"","feature_image":"shopify:\/\/shop_images\/Design-sans-titre-_4.webp","feature_url":"","hide_image":false}},"image_WAG7hq":{"type":"image","settings":{"feature_title":"","feature_text":"","feature_image":"shopify:\/\/shop_images\/enjoyeuse_logo_black.png","feature_url":"","hide_image":false}},"image_RVhc3C":{"type":"image","settings":{"feature_title":"","feature_text":"","feature_image":"shopify:\/\/shop_images\/Elle_logo_svg.png","feature_url":"","hide_image":false}}},"block_order":["image_EN693U","image_9DLP97","image_WAG7hq","image_RVhc3C"],"settings":{"feature_row":4,"feature_row_mobile":2,"feature_gap":20,"feature_gap_mobile":20,"feature_padding_vertical":28,"feature_padding_horizontal":0,"feature_radius":0,"feature_border_thickness":0,"feature_shadow":false,"feature_heading_custom":false,"feature_heading_font":"josefin_sans_n4","feature_heading_size":14,"feature_heading_size_mobile":12,"feature_heading_height":130,"feature_heading_mt":8,"feature_text_custom":false,"feature_text_font":"josefin_sans_n4","feature_text_size":12,"feature_text_size_mobile":12,"feature_text_height":130,"feature_text_mt":4,"feature_icon_size":42,"feature_icon_size_mobile":42,"feature_bg":"#f4f4f4","feature_border_color":"#000000","feature_shadow_color":"#000000","feature_heading_color":"#000000","feature_text_color":"#000000","feature_icon_color":"#000000","background_color":"#f4f4f4","background_gradient":"","border_color":"#000000","margin_top":0,"margin_bottom":32,"padding_top":16,"padding_bottom":16,"padding_horizontal":5,"padding_horizontal_mobile":1.5,"full_width":false,"content_width":120,"border_thickness":0,"lazy":true}},"image_banner_ktTYq9":{"type":"image-banner","settings":{"image":"shopify:\/\/shop_images\/Bright_Refreshed_Eyes_Effortlessly_1.png","image_overlay_opacity":0,"image_height":"medium","desktop_content_position":"middle-center","show_text_box":true,"desktop_content_alignment":"center","color_scheme":"","image_behavior":"none","mobile_content_alignment":"center","stack_images_on_mobile":true,"show_text_below":true}},"sp_video_with_text_TAaBNV":{"type":"sp-video-with-text","settings":{"override_fonts":false,"headline_font":"sans-serif","text_font":"sans-serif","text_size":15,"mobile_text_size":15,"text_line_height":"inherit","headline_size":40,"mobile_headline_size":40,"headline_line_height":"inherit","text_color":"#111111","link_color":"#005bd3","show_on_device":"all","section_background_color":"","section_padding_top_bottom":25,"mobile_section_padding_top_bottom":25,"section_padding_left_right":25,"mobile_section_padding_left_right":25,"container_background_color":"","container_max_width":1000,"container_padding_top_bottom":10,"mobile_container_padding_top_bottom":10,"container_padding_left_right":10,"mobile_container_padding_left_right":10,"element_spacing":15,"container_radius":0,"container_shadow":false,"container_border_size":0,"container_border_color":"#888888","grid_gap":25,"grid_display":"1fr 1fr","video_location":"left","video_aspect_ratio":"21 \/ 9","text_alignment":"center","mobile_text_alignment":"center","headline":"Titre","content":"<p>Texte<\/p>","link_text":"","link":"","video":"shopify:\/\/files\/videos\/6fe4a1ab47bb4e90b8cb9124bde3af75.mp4","video_inline":true,"video_autoplay":true,"video_loop":true,"video_controls":false,"video_muted":true,"big_play_pause_button":false,"media_radius":5,"media_shadow":true,"button_background_color":"linear-gradient(164deg, rgba(17, 17, 17, 1), rgba(51, 51, 51, 1) 100%)","button_text_color":"#ffffff","button_text_size":15,"button_padding_tb":10,"button_padding_lr":25,"button_border_radius":5}},"testimonial_elite_cy47by":{"type":"testimonial-elite","blocks":{"slide_76w9zr":{"type":"slide","settings":{"image":"shopify:\/\/shop_images\/AFTER_3_f89d454d-708e-496a-8ce3-7ba2c6aeb69c.webp","rating":5,"title":"Lorraine S.","content":""}},"slide_4x3hDm":{"type":"slide","settings":{"image":"shopify:\/\/shop_images\/AFTER_25.webp","rating":5,"title":"Lily M.","content":""}},"slide_i3ytxa":{"type":"slide","settings":{"image":"shopify:\/\/shop_images\/AFTER_24.webp","rating":5,"title":"Karen D.","content":""}},"slide_CAdEGQ":{"type":"slide","settings":{"image":"shopify:\/\/shop_images\/image_7.webp","rating":5,"title":"Amanda K.","content":""}},"slide_iJVTai":{"type":"slide","settings":{"image":"shopify:\/\/shop_images\/AFTER_16.webp","rating":5,"title":"Brenda W.","content":""}},"slide_gxzfWe":{"type":"slide","disabled":true,"settings":{"image":"shopify:\/\/shop_images\/6.png","rating":4,"title":"Mark","content":""}},"slide_E99TWP":{"type":"slide","disabled":true,"settings":{"image":"shopify:\/\/shop_images\/5.png","rating":5,"title":"Andrew","content":""}},"slide_my4z3M":{"type":"slide","disabled":true,"settings":{"image":"shopify:\/\/shop_images\/11.png","rating":5,"title":"Lauren","content":""}},"slide_M6UKeq":{"type":"slide","disabled":true,"settings":{"image":"shopify:\/\/shop_images\/4.png","rating":5,"title":"Ethan","content":""}},"slide_hGxrMq":{"type":"slide","disabled":true,"settings":{"image":"shopify:\/\/shop_images\/3_0d01a184-5eff-4c72-a128-245c117fcd80.png","rating":5,"title":"Daniel","content":""}},"slide_hXgfUD":{"type":"slide","disabled":true,"settings":{"image":"shopify:\/\/shop_images\/2_29531627-f789-49d0-8f8f-a0db4a70a5c6.png","rating":5,"title":"Mike","content":""}}},"block_order":["slide_76w9zr","slide_4x3hDm","slide_i3ytxa","slide_CAdEGQ","slide_iJVTai","slide_gxzfWe","slide_E99TWP","slide_my4z3M","slide_M6UKeq","slide_hGxrMq","slide_hXgfUD"],"settings":{"heading":"<p><strong>Join Our Community<\/strong><\/p>","heading_size":24,"heading_color":"#000000","heading_size_mobile":20,"stars":5,"stars_size":15,"stars_color":"#ffd700","rating":"<p><strong>4.7\/5 <\/strong> Customers reviews<\/p>","rating_size":18,"rating_color":"#000000","rating_size_mobile":16,"image_border_radius":10,"image_border_width":1,"image_border_style":"solid","image_border_color":"#f3f3f3","item_stars_color":"#ffd700","item_title_size":18,"item_title_weight":"bold","item_title_color":"#000000","item_title_size_mobile":16,"item_text_size":16,"item_text_color":"#333333","item_text_size_mobile":14,"item_background":"#ffffff","item_border_width":1,"item_border_style":"solid","item_border_color":"#f3f3f3","item_border_radius":10,"enable_navigation_top":true,"enable_navigation_bottom":true,"navigation_color":"#0a3012","navigation_background":"#f4f4f4","layout_margin_top":0,"layout_margin_bottom":0,"layout_background":"#f4f4f4"}},"main":{"type":"main-product","blocks":{"judge_me_reviews_preview_badge_zM694G":{"type":"shopify:\/\/apps\/judge-me-reviews\/blocks\/preview_badge\/61ccd3b1-a9f2-4160-9fe9-4fec8413e5d8","disabled":true,"settings":{}},"custom_liquid_YHikqA":{"type":"custom_liquid","settings":{"custom_liquid":"<!DOCTYPE html>\n<html>\n<head>\n<style>\n:root {\n  --social-proof-text-color: #000000;\n  --social-proof-star-color: #eadc12;\n}\n\n.social-proof-slide__block-rating {\n    display: flex;\n    align-items: center;\n    justify-content: flex-start;\nfont-size: 14px;\n}\n\n.social-proof-slide__block-stars {\n    display: flex;\n    margin-right: 8px;\n    color: var(--social-proof-star-color);\n}\n\n.social-proof-slide__block-rating-text {\n    display: inline;\n    color: var(--social-proof-text-color);\n    content: var(--social-proof-rating-text);\n}\n\n.social-proof-star {\n    margin: 0;\n    padding: 0;\n    display: flex;\n    justify-content: center;\n    align-items: center;\n    width: 16px;\n    height: 16px;\n}\n\n.social-proof-star svg {\n    width: 16px;\n    height: 16px;\n    fill: var(--social-proof-star-color);\n}\n<\/style>\n<\/head>\n<body>\n\n<div class=\"social-proof-slide__block-rating mt-2\">\n  <span class=\"social-proof-slide__block-stars\">\n    <span class=\"social-proof-star\">\n      <svg xmlns=\"http:\/\/w3.org\/2000\/svg\" viewBox=\"0 0 576 512\">\n        <svg class=\"w-[16px] h-[16px]\" fill=\"currentColor\" stroke=\"currentColor\" xmlns=\"http:\/\/w3.org\/2000\/svg\" viewBox=\"0 0 576 512\">\n        <path d=\"M259.3 17.8L194 150.2 47.9 171.5c-26.2 3.8-36.7 36.1-17.7 54.6l105.7 103-25 145.5c-4.5 26.3 23.2 46 46.4 33.7L288 439.6l130.7 68.7c23.2 12.2 50.9-7.4 46.4-33.7l-25-145.5 105.7-103c19-18.5 8.5-50.8-17.7-54.6L382 150.2 316.7 17.8c-11.7-23.6-45.6-23.9-57.4 0z\"><\/path>\n      <\/svg>\n    <\/span>\n<span class=\"social-proof-star\">\n      <svg xmlns=\"http:\/\/w3.org\/2000\/svg\" viewBox=\"0 0 576 512\">\n        <svg class=\"w-[16px] h-[16px]\" fill=\"currentColor\" stroke=\"currentColor\" xmlns=\"http:\/\/w3.org\/2000\/svg\" viewBox=\"0 0 576 512\">\n        <path d=\"M259.3 17.8L194 150.2 47.9 171.5c-26.2 3.8-36.7 36.1-17.7 54.6l105.7 103-25 145.5c-4.5 26.3 23.2 46 46.4 33.7L288 439.6l130.7 68.7c23.2 12.2 50.9-7.4 46.4-33.7l-25-145.5 105.7-103c19-18.5 8.5-50.8-17.7-54.6L382 150.2 316.7 17.8c-11.7-23.6-45.6-23.9-57.4 0z\"><\/path>\n      <\/svg>\n    <\/span>\n<span class=\"social-proof-star\">\n      <svg xmlns=\"http:\/\/w3.org\/2000\/svg\" viewBox=\"0 0 576 512\">\n        <svg class=\"w-[16px] h-[16px]\" fill=\"currentColor\" stroke=\"currentColor\" xmlns=\"http:\/\/w3.org\/2000\/svg\" viewBox=\"0 0 576 512\">\n        <path d=\"M259.3 17.8L194 150.2 47.9 171.5c-26.2 3.8-36.7 36.1-17.7 54.6l105.7 103-25 145.5c-4.5 26.3 23.2 46 46.4 33.7L288 439.6l130.7 68.7c23.2 12.2 50.9-7.4 46.4-33.7l-25-145.5 105.7-103c19-18.5 8.5-50.8-17.7-54.6L382 150.2 316.7 17.8c-11.7-23.6-45.6-23.9-57.4 0z\"><\/path>\n      <\/svg>\n    <\/span>\n<span class=\"social-proof-star\">\n      <svg xmlns=\"http:\/\/w3.org\/2000\/svg\" viewBox=\"0 0 576 512\">\n        <svg class=\"w-[16px] h-[16px]\" fill=\"currentColor\" stroke=\"currentColor\" xmlns=\"http:\/\/w3.org\/2000\/svg\" viewBox=\"0 0 576 512\">\n        <path d=\"M259.3 17.8L194 150.2 47.9 171.5c-26.2 3.8-36.7 36.1-17.7 54.6l105.7 103-25 145.5c-4.5 26.3 23.2 46 46.4 33.7L288 439.6l130.7 68.7c23.2 12.2 50.9-7.4 46.4-33.7l-25-145.5 105.7-103c19-18.5 8.5-50.8-17.7-54.6L382 150.2 316.7 17.8c-11.7-23.6-45.6-23.9-57.4 0z\"><\/path>\n      <\/svg>\n    <\/span>\n<span class=\"social-proof-star\">\n      <svg xmlns=\"http:\/\/w3.org\/2000\/svg\" viewBox=\"0 0 576 512\">\n        <svg class=\"w-[16px] h-[16px]\" fill=\"currentColor\" stroke=\"currentColor\" xmlns=\"http:\/\/w3.org\/2000\/svg\" viewBox=\"0 0 576 512\">\n        <path d=\"M259.3 17.8L194 150.2 47.9 171.5c-26.2 3.8-36.7 36.1-17.7 54.6l105.7 103-25 145.5c-4.5 26.3 23.2 46 46.4 33.7L288 439.6l130.7 68.7c23.2 12.2 50.9-7.4 46.4-33.7l-25-145.5 105.7-103c19-18.5 8.5-50.8-17.7-54.6L382 150.2 316.7 17.8c-11.7-23.6-45.6-23.9-57.4 0z\"><\/path>\n      <\/svg>\n    <\/span>\n  <\/span>\n  <span class=\"social-proof-slide__block-rating-text\">\n    4.8 (678 Reviews)\n  <\/span>\n<\/div>\n\n<\/body>\n<\/html>"}},"title":{"type":"title","settings":{}},"price":{"type":"price","settings":{}},"custom_liquid_FP74dy":{"type":"custom_liquid","disabled":true,"settings":{"custom_liquid":"<div class=\"features-container\">\n  <div class=\"feature\">\n    <span class=\"feature-icon\">✅<\/span>\n    <div class=\"feature-text\">\n      <h3 class=\"feature-title\">Bénéfice<\/h3>\n      <p class=\"feature-description\"><\/p>\n    <\/div>\n  <\/div>\n  <div class=\"feature\">\n    <span class=\"feature-icon\">✅<\/span>\n    <div class=\"feature-text\">\n      <h3 class=\"feature-title\">Bénéfice <\/h3>\n      <p class=\"feature-description\"><\/p>\n    <\/div>\n  <\/div>\n  <div class=\"divider horizontal-divider\"><\/div>\n  <div class=\"divider vertical-divider\"><\/div>\n  <div class=\"feature\">\n    <span class=\"feature-icon\">✅<\/span>\n    <div class=\"feature-text\">\n      <h3 class=\"feature-title\">Bénéfice<\/h3>\n      <p class=\"feature-description\"><\/p>\n    <\/div>\n  <\/div>\n  <div class=\"feature\">\n    <span class=\"feature-icon\">✅<\/span>\n    <div class=\"feature-text\">\n      <h3 class=\"feature-title\">Bénéficet<\/h3>\n      <p class=\"feature-description\"><\/p>\n    <\/div>\n  <\/div>\n<\/div>\n \n<style>\n.features-container {\n  display: grid;\n  grid-template-columns: repeat(2, 1fr);\ncolumn-gap: -1rem; \/* Réduction de l'espace entre colonnes *\/\n  row-gap: 1rem; \/* Espace entre les lignes (optionnel) *\/\n  position: relative;\n  max-width: 600px;\n  margin: auto;\n}\n \n.feature {\n  display: flex;\n  align-items: center;\n}\n \n.feature-icon {\n  font-size: 24px; \/* Icon size *\/\n  margin-right: 12px; \/* Space between icon and text *\/\n}\n \n.feature-text {\n  display: flex;\n  flex-direction: column;\n  align-items: flex-start;\n}\n \n.feature-title {\n  font-size: 12px; \/* Title size *\/\n  margin: 0;\n}\n \n.feature-description {\n  font-size: 12px; \/* Description size *\/\n  margin: 0;\n}\n \n.divider {\n  background-color: #ccc; \/* Line color *\/\n  position: absolute;\n}\n \n.horizontal-divider {\n  top: 50%;\n  left: 0;\n  width: 100%;\n  height: 1px; \/* Line thickness *\/\n  transform: translateY(-50%);\n}\n \n.vertical-divider {\n  top: 0;\n  bottom: 0;\n  left: 50%;\n  width: 1px; \/* Line thickness *\/\n  transform: translateX(-50%);\n}\n \n@media (max-width: 600px) {\n  .features-container {\n    grid-template-columns: 1fr;\n  }\n \n  .horizontal-divider, .vertical-divider {\n    display: none;\n  }\n}\n<\/style>"}},"custom_liquid_nNzAMV":{"type":"custom_liquid","settings":{"custom_liquid":"<style>\n  p {\n    font-size: 14px;\n    line-height: 1.2;\n  }\n<\/style>\n\n<p><strong>✔️ BENEFICE 1\n<\/strong><\/p>\n\n<p><strong>✔️ BENEFICE 2<\/strong><\/p>\n\n<p><strong>✔️ CBENEFICE 3\n<\/strong><\/p>"}},"quantity_selector":{"type":"quantity_selector","settings":{}},"custom_liquid_PR7zYH":{"type":"custom_liquid","disabled":true,"settings":{"custom_liquid":"<div class=\"stock-warning-container\">\n  <div class=\"animated-dot\"><\/div>\n  <span class=\"stock-warning-text\">Stock en baisse<\/span> <!-- Traduction : Stock en baisse -->\n<\/div>\n\n<style>\n  \/* Stock warning container *\/\n  .stock-warning-container {\n    display: flex;\n    align-items: center;\n    gap: 10px;\n    font-family: 'Montserrat', sans-serif;\n  }\n\n  \/* Animated dot *\/\n  .animated-dot {\n    width: 12px;\n    height: 12px;\n    background-color: #FF0000; \/* Red color *\/\n    border-radius: 50%;\n    box-shadow: 0 0 10px rgba(255, 0, 0, 0.5);\n    animation: pulse 1.5s infinite;\n  }\n\n  \/* Warning text *\/\n  .stock-warning-text {\n    color: #FF0000; \/* Red color to match the dot *\/\n    font-weight: 700;\n    font-size: 16px;\n  }\n\n  \/* Dot animation (pulsing effect) *\/\n  @keyframes pulse {\n    0% {\n      transform: scale(1);\n      box-shadow: 0 0 10px rgba(255, 0, 0, 0.5);\n    }\n    50% {\n      transform: scale(1.3);\n      box-shadow: 0 0 15px rgba(255, 0, 0, 0.7);\n    }\n    100% {\n      transform: scale(1);\n      box-shadow: 0 0 10px rgba(255, 0, 0, 0.5);\n    }\n  }\n<\/style>"}},"custom_liquid_TtarP9":{"type":"custom_liquid","settings":{"custom_liquid":"<section id=\"spacekris\">\n  <section id=\"lowstockkris\">\n    <article>\n      <b>\n        <ul>\n           <li>Only <span id=\"random-stock\">4<\/span> items left at this price<\/li>\n        <\/ul>\n      <\/b>\n    <\/article>\n  <\/section>\n<\/section>\n\n<script>\n  \/\/ Générer un nombre aléatoire entre 1 et 10\n  var randomStock = Math.floor(Math.random() * 10) + 1;\n\n  \/\/ Remplacer le texte dans l'élément avec l'ID 'random-stock'\n  document.getElementById(\"random-stock\").textContent = randomStock;\n<\/script>\n\n<style>\n\/* Conteneur général *\/\n#spacekris {\n  display: flex;\n  align-items: center;\n  justify-content: flex-start; \/* Alignement sur la gauche *\/\n  margin-left: 0px; \/* Pas de décalage supplémentaire *\/\n  height: 30px; \/* Hauteur ajustée *\/\n}\n\n#lowstockkris {\n  border-radius: 20px;\n  padding: 10px 15px; \/* Padding top\/bottom de 10px et gauche\/droite de 15px *\/\n  background-color: rgba(255, 0, 0, 0.1); \/* Légère transparence pour l'urgence *\/\n  display: flex;\n  align-items: center;\n  justify-content: flex-start; \/* Alignement gauche du texte *\/\n  height: 30px; \/* Hauteur ajustée *\/\n}\n\n#lowstockkris b {\n  font-size: 12px; \/* Taille du texte *\/\n  color: #AD0000; \/* Couleur rouge foncé *\/\n  font-weight: normal;\n}\n\n\/* Suppression de la liste par défaut *\/\n#lowstockkris ul {\n  list-style: none;\n  padding: 0;\n  margin: 0;\n}\n\n\/* Animation pulsation pour le point rouge *\/\n#lowstockkris li:before {\n  content: '●'; \/* Point rouge *\/\n  margin-right: 5px;\n  color: #AD0000;\n  display: inline-block; \/* Bloc en ligne pour l'animation *\/\n  animation: pulse 1.5s infinite; \/* Animation continue *\/\n}\n\n\/* Définition de l'animation de pulsation *\/\n@keyframes pulse {\n  0% {\n    transform: scale(1);\n    opacity: 1; \/* Taille et opacité normales *\/\n  }\n  50% {\n    transform: scale(1.5); \/* Agrandissement du point *\/\n    opacity: 0.5; \/* Réduction de l'opacité *\/\n  }\n  100% {\n    transform: scale(1); \/* Retour à la taille initiale *\/\n    opacity: 1; \/* Opacité normale *\/\n  }\n}\n<\/style>"}},"custom_liquid_7BLDKQ":{"type":"custom_liquid","disabled":true,"settings":{"custom_liquid":"<img src=\"{{ 'E-Book.png' | file_img_url: '345x500' }}\" \/>"}},"buy_buttons":{"type":"buy_buttons","settings":{"show_dynamic_checkout":false,"show_gift_card_recipient":true}},"icon_with_text_WiAe8U":{"type":"icon-with-text","settings":{"layout":"horizontal","icon_1":"heart","image_1":"shopify:\/\/shop_images\/shield_lock_24dp_8C7251_FILL0_wght400_GRAD0_opsz24.png","heading_1":"Secured Payment","icon_2":"truck","image_2":"shopify:\/\/shop_images\/Liftera_2.png","heading_2":"30 Day Money-Back","icon_3":"truck","image_3":"shopify:\/\/shop_images\/local_shipping_24dp_8C7251_FILL0_wght400_GRAD0_opsz24.png","heading_3":"Free Shipping"}},"custom_liquid_fHUzxC":{"type":"custom_liquid","disabled":true,"settings":{"custom_liquid":"<div style=\"display: flex; align-items: center; justify-content: center; color: #8C7251; padding: 0; margin-top: 5px;\">\n    <img src=\"https:\/\/cdn.shopify.com\/s\/files\/1\/0918\/7596\/7315\/files\/Ajouter-un-titre.webp?v=1735596053\" alt=\"Secure Payment Logo\" style=\"width: 20px; height: 20px; margin-right: 5px;\">\n    <span style=\"font-weight: 500; font-size: 14px;\">Secure Payment SSL<\/span>\n<\/div>"}},"custom_liquid_aE3wXC":{"type":"custom_liquid","disabled":true,"settings":{"custom_liquid":"<ul style=\"justify-content: flex-start\"  class=\"list list-payment\" role=\"list\">\n              {%- for type in shop.enabled_payment_types -%}\n                <li class=\"list-payment__item\">\n                  {{ type | payment_type_svg_tag: class: 'icon icon--full-color' }}\n                <\/li>\n              {%- endfor -%}\n            <\/ul>"}},"custom_liquid_3fjPRj":{"type":"custom_liquid","disabled":true,"settings":{"custom_liquid":"<html lang=\"en\">\n<head>\n    <meta charset=\"UTF-8\">\n    <meta name=\"viewport\" content=\"width=device-width, initial-scale=1.0\">\n    <style>\n        .video-container {\n            display: flex;\n            justify-content: space-between;\n            margin-top: 20px;\n        }\n        .video-item {\n            width: 30%; \/* Adjust width to fit three videos in a row *\/\n            position: relative;\n        }\n        .video-item video {\n            width: 100%;\n            aspect-ratio: 3 \/ 4;\n        }\n        .video-text {\n            text-align: center;\n            margin-top: 10px;\n            font-size: 14px;\n        }\n    <\/style>\n    <title>Video Sections<\/title>\n<\/head>\n<body>\n    <div class=\"video-container\">\n        <div class=\"video-item\">\n            <video autoplay muted loop playsinline>\n                <source src=\"https:\/\/cdn.shopify.com\/videos\/c\/o\/v\/7263c8b602e84f7db06efb282946a47a.mp4\" type=\"video\/mp4\">\n            <\/video>\n            <div class=\"video-text\"><\/div>\n        <\/div>\n        <div class=\"video-item\">\n            <video autoplay muted loop playsinline>\n                <source src=\"https:\/\/cdn.shopify.com\/videos\/c\/o\/v\/ef4acfae54ce4ed997f9a5a2e55dface.mp4\" type=\"video\/mp4\">\n            <\/video>\n            <div class=\"video-text\"><\/div>\n        <\/div>\n        <div class=\"video-item\">\n            <video autoplay muted loop playsinline>\n                <source src=\"https:\/\/cdn.shopify.com\/videos\/c\/o\/v\/7785b6581b634e30a483da0ad93d1083.mp4\" type=\"video\/mp4\">\n            <\/video>\n            <div class=\"video-text\"><\/div>\n        <\/div>\n    <\/div>\n<\/body>\n<\/html>"}},"collapsible_tab_mdj47A":{"type":"collapsible_tab","settings":{"heading":"8 days free shipping","icon":"truck","content":"<p><strong>Free and Fast Shipping<\/strong>: Enjoy free shipping on all orders, with no minimum purchase required. Receive your BioActive Grow Serum within 8 to 10 business days, with orders processed within 24 hours.<\/p>","page":""}},"collapsible_tab_pcdgct":{"type":"collapsible_tab","settings":{"heading":"How to Apply","icon":"silhouette","content":"","page":""}},"collapsible_tab_qfUU7Q":{"type":"collapsible_tab","settings":{"heading":"Ingredients","icon":"plant","content":"<p><strong>Ingredients: <\/strong><\/p><p><strong>Free from:<\/strong> <\/p>","page":""}}},"block_order":["judge_me_reviews_preview_badge_zM694G","custom_liquid_YHikqA","title","price","custom_liquid_FP74dy","custom_liquid_nNzAMV","quantity_selector","custom_liquid_PR7zYH","custom_liquid_TtarP9","custom_liquid_7BLDKQ","buy_buttons","icon_with_text_WiAe8U","custom_liquid_fHUzxC","custom_liquid_aE3wXC","custom_liquid_3fjPRj","collapsible_tab_mdj47A","collapsible_tab_pcdgct","collapsible_tab_qfUU7Q"],"settings":{"enable_sticky_info":true,"color_scheme":"scheme-1","media_size":"large","constrain_to_viewport":false,"media_fit":"contain","gallery_layout":"thumbnail_slider","media_position":"left","image_zoom":"lightbox","mobile_thumbnails":"show","hide_variants":false,"enable_video_looping":false,"padding_top":32,"padding_bottom":0}},"logotesti_jigAbz":{"type":"LOGOTESTI","blocks":{"slide_FFkPEX":{"type":"slide","settings":{"image":"shopify:\/\/shop_images\/0be253f0-7bbe-46f7-804a-e5c9baf46a16.webp","link":""}},"slide_RcNjy6":{"type":"slide","settings":{"image":"shopify:\/\/shop_images\/Design_sans_titre_2.webp","link":""}},"slide_4MKbcX":{"type":"slide","settings":{"image":"shopify:\/\/shop_images\/Design_sans_titre_4.webp","link":""}},"slide_rdY646":{"type":"slide","settings":{"image":"shopify:\/\/shop_images\/Design_sans_titre_3.webp","link":""}},"slide_4xrFR6":{"type":"slide","settings":{"image":"shopify:\/\/shop_images\/Design-sans-titre-_4.webp","link":""}},"slide_bDPzhf":{"type":"slide","settings":{"image":"shopify:\/\/shop_images\/d305c51a-d048-4950-a4b0-cb61cdd73b6d.webp","link":""}},"slide_QtWhca":{"type":"slide","settings":{"image":"shopify:\/\/shop_images\/Sans_titre_1848_x_1027_px_1.webp","link":""}},"slide_93DpXW":{"type":"slide","settings":{"image":"shopify:\/\/shop_images\/Design-sans-titre-_7.webp","link":""}},"slide_4Ckm9n":{"type":"slide","settings":{"image":"shopify:\/\/shop_images\/1396edd7-d38b-4afe-bc1a-4d30b3801216.webp","link":""}},"slide_bWRY6Y":{"type":"slide","settings":{"image":"shopify:\/\/shop_images\/Capture-d_ecran-2024-12-23-a-16.56.38.webp","link":""}},"slide_VMrHP9":{"type":"slide","settings":{"link":""}}},"block_order":["slide_FFkPEX","slide_RcNjy6","slide_4MKbcX","slide_rdY646","slide_4xrFR6","slide_bDPzhf","slide_QtWhca","slide_93DpXW","slide_4Ckm9n","slide_bWRY6Y","slide_VMrHP9"],"disabled":true,"settings":{"ss-title":"","heading_custom":false,"heading_font":"assistant_n4","header_size":30,"header_align":"center","scrolling_velocity":25,"pause_hover":false,"shadow":false,"sliders_mt":0,"logo_padding_top":0,"logo_padding_bottom":0,"slider_gap":30,"slider_gap_mobile":30,"slider_direction":"left","icon_width":110,"header_color":"#121212","border_color":"#f3f3f3","background-color":"#eaefe9","slider-background-color":"#eaefe9","margin_top":20,"margin_bottom":0,"padding_top":36,"padding_bottom":36,"full_width":true,"content_width":120,"border_thickness":0,"lazy":true}},"step_QxJYb6":{"type":"Step","blocks":{"step_HfJrYn":{"type":"step","settings":{"video_url":"","title":"Step 1","description":"Description of this step goes here.","alignment":"left"}},"step_dEVQyX":{"type":"step","settings":{"video_url":"","title":"Step 2","description":"Description of this step goes here.","alignment":"left"}},"step_MELCAW":{"type":"step","settings":{"video_url":"","title":"Step 3","description":"Description of this step goes here.","alignment":"left"}}},"block_order":["step_HfJrYn","step_dEVQyX","step_MELCAW"],"settings":{"title":"How To Use","title_alignment":"center","bg_color":"#ffffff","text_color":"#000000","step_bg_color":"#f4f4f4","number_bg_color":"#121212","number_text_color":"#ffffff"}},"rich_text_G8Kw7m":{"type":"rich-text","blocks":{"heading_NUEiN7":{"type":"heading","disabled":true,"settings":{"heading":"Talk about your brand","heading_size":"h1"}}},"block_order":["heading_NUEiN7"],"settings":{"desktop_content_position":"center","content_alignment":"center","color_scheme":"","full_width":true,"padding_top":0,"padding_bottom":0}},"ss_image_with_text_5_AKiWP3":{"type":"ss-image-with-text-5","blocks":{"slide_eDEmkd":{"type":"slide","settings":{"heading":"<h2>Results demonstrated after 150 days<\/h2>","sub_heading":"<p>Clinic Study<\/p>","text":"<p>We have developed and trademarked the Bio-Pilixin® formula, which has been clinically tested in a proprietary third-party study. Our Bio-Pilixin® Activation Serum demonstrated the following results:<\/p>","button":"","button_url":"","image":"shopify:\/\/shop_images\/1_660251d2-ca1e-4fc6-b674-af8ccb2090a6.png","button_color":"#ffffff","button_hover_color":"#ffffff","button_bg_color":"#d3643f","button_bg_hover_color":"#d3643f","button_border_color":"#d3643f","button_border_hover_color":"#d3643f","content_bg_color":"#f4efe2","content_border_color":"#000000","heading_color":"#8c7251","sub_heading_color":"#8c7251","text_color":"#121212","image_border_color":"#000000"}},"slide_cVHwAf":{"type":"slide","settings":{"heading":"<h2>Real people, real results<\/h2>","sub_heading":"<p>User Trials<\/p>","text":"<p>We are committed to using effective active ingredients to create products that help users achieve their hair goals. Recently, a survey of 440 of our customers provided us with valuable insights into their experiences and preferences:<\/p>","button":"","button_url":"","image":"shopify:\/\/shop_images\/Design_sans_titre_6.png","button_color":"#ffffff","button_hover_color":"#ffffff","button_bg_color":"#f3f3f3","button_bg_hover_color":"#d3643f","button_border_color":"#d3643f","button_border_hover_color":"#d3643f","content_bg_color":"#f3f3f3","content_border_color":"#000000","heading_color":"#8c7251","sub_heading_color":"#121212","text_color":"#121212","image_border_color":"#000000"}}},"block_order":["slide_eDEmkd","slide_cVHwAf"],"disabled":true,"settings":{"autoplay":true,"autoplay_delay":4,"slide_gap":20,"slide_gap_mobile":20,"content_padding_vertical":70,"content_padding_vertical_mobile":24,"content_padding_horizontal":34,"content_padding_horizontal_mobile":24,"content_radius":0,"content_border_thickness":0,"heading_custom":true,"heading_font":"poppins_n7","heading_size":38,"heading_size_mobile":28,"heading_height":130,"heading_mt":30,"heading_align":"center","heading_align_mobile":"center","heading_position":"2","heading_position_mobile":"2","sub_heading_custom":false,"sub_heading_font":"josefin_sans_n4","sub_heading_size":20,"sub_heading_size_mobile":12,"sub_heading_height":100,"sub_heading_mt":0,"sub_heading_align":"center","sub_heading_align_mobile":"center","sub_heading_position":"1","sub_heading_position_mobile":"1","text_custom":true,"text_font":"poppins_n4","text_size":16,"text_size_mobile":16,"text_height":150,"text_mt":18,"text_align":"center","text_align_mobile":"center","text_position":"3","text_position_mobile":"3","button_custom":true,"button_font":"poppins_n4","button_size":14,"button_size_mobile":14,"button_height":100,"button_align":"center","button_align_mobile":"center","button_mt":30,"button_padding_vertical":18,"button_padding_vertical_mobile":18,"button_padding_horizontal":30,"button_padding_horizontal_mobile":30,"button_radius":0,"button_border_thickness":0,"button_position":"4","button_position_mobile":"4","image_width":53,"image_width_mobile":100,"image_position":"first","image_position_mobile":"first","image_border_thickness":0,"image_radius":0,"image_height_mobile":400,"image_height_desktop":600,"dots_margin":28,"dots_size":8,"dots_size_mobile":8,"dots_show_desktop":true,"dots_show_mobile":true,"dots_color":"#0a3012","background_color":"#faf5e9","background_gradient":"","border_color":"#000000","margin_top":0,"margin_bottom":0,"padding_top":36,"padding_bottom":36,"padding_horizontal":5,"padding_horizontal_mobile":1.5,"full_width":false,"content_width":130,"border_thickness":0,"lazy":true}},"sp_faq_9d6xPb":{"type":"sp-faq","blocks":{"question_xkCwqU":{"type":"question","settings":{"question":"What is your return policy?","answer":"<p>If you are in any way not satisfied with your purchase, you may return it back to us within 30 days from the date of purchase for a full refund!<\/p>"}},"question_NgJ3fb":{"type":"question","settings":{"question":"<strong>Is my payment information secure?<\/strong>","answer":"<p>Your data is processed through a secure payment system with SSL encryption, following the latest security standards. Your information is never at risk during transmission. Your security is our top priority!<\/p>"}}},"block_order":["question_xkCwqU","question_NgJ3fb"],"settings":{"override_fonts":false,"headline_font":"sans-serif","text_font":"sans-serif","text_size":15,"mobile_text_size":15,"text_line_height":"inherit","headline_size":26,"mobile_headline_size":26,"headline_line_height":"inherit","text_color":"#111111","link_color":"#005bd3","show_on_device":"all","section_background_color":"radial-gradient(rgba(244, 244, 244, 1), rgba(244, 244, 244, 1) 100%)","section_padding_top_bottom":25,"mobile_section_padding_top_bottom":25,"section_padding_left_right":25,"mobile_section_padding_left_right":25,"container_background_color":"","container_max_width":1000,"container_padding_top_bottom":10,"mobile_container_padding_top_bottom":10,"container_padding_left_right":10,"mobile_container_padding_left_right":10,"element_spacing":15,"container_radius":0,"container_shadow":false,"container_border_size":0,"container_border_color":"#888888","question_text_size":25,"question_color":"#111111","answer_color":"#555555","text_alignment":"center","mobile_text_alignment":"center","headline":"Frequently Asked Questions","text":"","headline_spacing":15}},"contact_form_4gtcJW":{"type":"contact-form","settings":{"heading":"Contact form","heading_size":"h1","color_scheme":"scheme-2","padding_top":36,"padding_bottom":36}},"us_vs_other_Vym6YT":{"type":"us-vs-other","blocks":{"compare_header_qR7fGP":{"type":"compare_header","settings":{"heading":"Mon Produit"}},"compare_header_tDHLXk":{"type":"compare_header","settings":{"heading":"Autre"}},"compare_header_9D4daV":{"type":"compare_header","settings":{"heading":"Autre"}},"compare_content_RCUqFJ":{"type":"compare_content","settings":{"heading":"100% vegan","active_1":true,"active_2":false,"active_3":false,"active_4":false,"active_5":false,"active_6":false}},"compare_content_RwCRVt":{"type":"compare_content","settings":{"heading":"No Side Effects","active_1":true,"active_2":false,"active_3":false,"active_4":true,"active_5":false,"active_6":true}},"compare_content_kFPNJJ":{"type":"compare_content","settings":{"heading":"Non-Intrusive","active_1":true,"active_2":true,"active_3":false,"active_4":false,"active_5":true,"active_6":true}},"compare_content_wVXQH4":{"type":"compare_content","settings":{"heading":"Pain-Free","active_1":true,"active_2":true,"active_3":false,"active_4":false,"active_5":false,"active_6":false}},"compare_price_P8Y8LQ":{"type":"compare_price","settings":{"heading":"Time to See Results","active_price_1":"3 months","active_price_2":"6 months","active_price_3":"Immediate, but recovery time needed","active_price_4":"","active_price_5":"","active_price_6":""}}},"block_order":["compare_header_qR7fGP","compare_header_tDHLXk","compare_header_9D4daV","compare_content_RCUqFJ","compare_content_RwCRVt","compare_content_kFPNJJ","compare_content_wVXQH4","compare_price_P8Y8LQ"],"settings":{"heading":"How are we different from other brands?","heading_size":40,"heading_weight":"400","heading_color":"#000000","heading_font":"josefin_sans_n4","heading_size_mobile":24,"heading_weight_mobile":"400","subheading":"Learn what makes our brand unique with our detailed breakdown of key features.","subheading_size":18,"subheading_weight":"400","subheading_color":"#3f3636","subheading_font":"josefin_sans_n4","subheading_size_mobile":16,"subheading_weight_mobile":"400","compare_text_color":"#3f3636","compare_text_size":20,"compare_text_weight":"400","compare_text_font":"josefin_sans_n4","compare_background":"#f4f4f4","compare_background_active":"#a3a3a3","compare_text_color_active":"#ffffff","compare_text_size_mobile":12,"compare_text_weight_mobile":"400","compare_radius":5,"enable_logo_border":true,"logo_border_size":1,"logo_border_color":"#000000","logo_border_style":"solid","vs_bg_color":"#d1d1d1","vs_text_color":"#ffffff","line_color":"#d9d9d9","line_size":1,"line_style":"solid","bottom_text":"","bottom_text_size":12,"bottom_text_weight":"400","bottom_text_color":"#afabab","bottom_text_font":"josefin_sans_n4","bottom_text_size_mobile":10,"bottom_text_weight_mobile":"400","layout_margin_top":0,"layout_margin_bottom":0,"layout_width":false}},"related-products":{"type":"related-products","disabled":true,"settings":{"heading":"You may also like","heading_size":"h2","products_to_show":4,"columns_desktop":4,"color_scheme":"scheme-1","image_ratio":"square","image_shape":"default","show_secondary_image":true,"show_vendor":false,"show_rating":false,"columns_mobile":"2","padding_top":36,"padding_bottom":28}},"1735408259a119d323":{"type":"apps","blocks":{"judge_me_reviews_review_widget_ePfQ6Q":{"type":"shopify:\/\/apps\/judge-me-reviews\/blocks\/review_widget\/61ccd3b1-a9f2-4160-9fe9-4fec8413e5d8","settings":{}}},"block_order":["judge_me_reviews_review_widget_ePfQ6Q"],"settings":{"include_margins":true}}},"order":["sp_hero_znRU87","image_banner_Q8wBgV","rich_text_LMwBUz","barredefilante_VkAkRf","rich_text_Cnt837","ss_feature_1_KxT8ET","image_banner_ktTYq9","sp_video_with_text_TAaBNV","testimonial_elite_cy47by","main","logotesti_jigAbz","step_QxJYb6","rich_text_G8Kw7m","ss_image_with_text_5_AKiWP3","sp_faq_9d6xPb","contact_form_4gtcJW","us_vs_other_Vym6YT","related-products","1735408259a119d323"]}