{"sections":{"sp_hero_znRU87":{"type":"sp-hero","settings":{"override_fonts":false,"text_font":"sans-serif","headline_font":"sans-serif","text_size":15,"text_line_height":"inherit","text_color":"#ffffff","headline_size":43,"headline_line_height":"inherit","headline_color":"#ffffff","text_shadow":true,"background_color":"linear-gradient(164deg, rgba(255, 255, 255, 1), rgba(255, 255, 255, 1) 100%)","cover_background":"linear-gradient(164deg, rgba(17, 17, 17, 1), rgba(85, 85, 85, 1) 100%)","cover_opacity":0,"box_alignment":"center","text_alignment":"center","max_width":3000,"padding_top":25,"padding_bottom":25,"padding_left":10,"padding_right":10,"element_spacing":14,"button_background_color":"linear-gradient(164deg, rgba(17, 17, 17, 1), rgba(51, 51, 51, 1) 100%)","button_text_color":"#ffffff","button_padding_tb":10,"button_padding_lr":25,"button_border_radius":5,"headline":"","content":"","hero_image":"shopify:\/\/shop_images\/Design-sans-titre-_13.webp","cta":"","cta_link":""}},"rich_text_LMwBUz":{"type":"rich-text","blocks":{"heading_chNcUE":{"type":"heading","settings":{"heading":"Rediscover the Beauty of Feeling Your Best","heading_size":"h1"}}},"block_order":["heading_chNcUE"],"settings":{"desktop_content_position":"center","content_alignment":"center","color_scheme":"scheme-2","full_width":true,"padding_top":8,"padding_bottom":8}},"barredefilante_VkAkRf":{"type":"barredefilante","disabled":true,"settings":{"text":"30% DE REMISE JUSQU'À DEMAIN","text_size":"small","text_style":"outline","scrolling_speed":60,"text_spacing":100,"text_color":"#000000","background":"#ffffff"}},"main":{"type":"main-product","blocks":{"judge_me_reviews_preview_badge_zM694G":{"type":"shopify:\/\/apps\/judge-me-reviews\/blocks\/preview_badge\/61ccd3b1-a9f2-4160-9fe9-4fec8413e5d8","settings":{}},"custom_liquid_YHikqA":{"type":"custom_liquid","disabled":true,"settings":{"custom_liquid":"<!DOCTYPE html>\n<html>\n<head>\n<style>\n:root {\n  --social-proof-text-color: #000000;\n  --social-proof-star-color: #eadc12;\n}\n\n.social-proof-slide__block-rating {\n    display: flex;\n    align-items: center;\n    justify-content: flex-start;\nfont-size: 14px;\n}\n\n.social-proof-slide__block-stars {\n    display: flex;\n    margin-right: 8px;\n    color: var(--social-proof-star-color);\n}\n\n.social-proof-slide__block-rating-text {\n    display: inline;\n    color: var(--social-proof-text-color);\n    content: var(--social-proof-rating-text);\n}\n\n.social-proof-star {\n    margin: 0;\n    padding: 0;\n    display: flex;\n    justify-content: center;\n    align-items: center;\n    width: 16px;\n    height: 16px;\n}\n\n.social-proof-star svg {\n    width: 16px;\n    height: 16px;\n    fill: var(--social-proof-star-color);\n}\n<\/style>\n<\/head>\n<body>\n\n<div class=\"social-proof-slide__block-rating mt-2\">\n  <span class=\"social-proof-slide__block-stars\">\n    <span class=\"social-proof-star\">\n      <svg xmlns=\"http:\/\/w3.org\/2000\/svg\" viewBox=\"0 0 576 512\">\n        <svg class=\"w-[16px] h-[16px]\" fill=\"currentColor\" stroke=\"currentColor\" xmlns=\"http:\/\/w3.org\/2000\/svg\" viewBox=\"0 0 576 512\">\n        <path d=\"M259.3 17.8L194 150.2 47.9 171.5c-26.2 3.8-36.7 36.1-17.7 54.6l105.7 103-25 145.5c-4.5 26.3 23.2 46 46.4 33.7L288 439.6l130.7 68.7c23.2 12.2 50.9-7.4 46.4-33.7l-25-145.5 105.7-103c19-18.5 8.5-50.8-17.7-54.6L382 150.2 316.7 17.8c-11.7-23.6-45.6-23.9-57.4 0z\"><\/path>\n      <\/svg>\n    <\/span>\n<span class=\"social-proof-star\">\n      <svg xmlns=\"http:\/\/w3.org\/2000\/svg\" viewBox=\"0 0 576 512\">\n        <svg class=\"w-[16px] h-[16px]\" fill=\"currentColor\" stroke=\"currentColor\" xmlns=\"http:\/\/w3.org\/2000\/svg\" viewBox=\"0 0 576 512\">\n        <path d=\"M259.3 17.8L194 150.2 47.9 171.5c-26.2 3.8-36.7 36.1-17.7 54.6l105.7 103-25 145.5c-4.5 26.3 23.2 46 46.4 33.7L288 439.6l130.7 68.7c23.2 12.2 50.9-7.4 46.4-33.7l-25-145.5 105.7-103c19-18.5 8.5-50.8-17.7-54.6L382 150.2 316.7 17.8c-11.7-23.6-45.6-23.9-57.4 0z\"><\/path>\n      <\/svg>\n    <\/span>\n<span class=\"social-proof-star\">\n      <svg xmlns=\"http:\/\/w3.org\/2000\/svg\" viewBox=\"0 0 576 512\">\n        <svg class=\"w-[16px] h-[16px]\" fill=\"currentColor\" stroke=\"currentColor\" xmlns=\"http:\/\/w3.org\/2000\/svg\" viewBox=\"0 0 576 512\">\n        <path d=\"M259.3 17.8L194 150.2 47.9 171.5c-26.2 3.8-36.7 36.1-17.7 54.6l105.7 103-25 145.5c-4.5 26.3 23.2 46 46.4 33.7L288 439.6l130.7 68.7c23.2 12.2 50.9-7.4 46.4-33.7l-25-145.5 105.7-103c19-18.5 8.5-50.8-17.7-54.6L382 150.2 316.7 17.8c-11.7-23.6-45.6-23.9-57.4 0z\"><\/path>\n      <\/svg>\n    <\/span>\n<span class=\"social-proof-star\">\n      <svg xmlns=\"http:\/\/w3.org\/2000\/svg\" viewBox=\"0 0 576 512\">\n        <svg class=\"w-[16px] h-[16px]\" fill=\"currentColor\" stroke=\"currentColor\" xmlns=\"http:\/\/w3.org\/2000\/svg\" viewBox=\"0 0 576 512\">\n        <path d=\"M259.3 17.8L194 150.2 47.9 171.5c-26.2 3.8-36.7 36.1-17.7 54.6l105.7 103-25 145.5c-4.5 26.3 23.2 46 46.4 33.7L288 439.6l130.7 68.7c23.2 12.2 50.9-7.4 46.4-33.7l-25-145.5 105.7-103c19-18.5 8.5-50.8-17.7-54.6L382 150.2 316.7 17.8c-11.7-23.6-45.6-23.9-57.4 0z\"><\/path>\n      <\/svg>\n    <\/span>\n<span class=\"social-proof-star\">\n      <svg xmlns=\"http:\/\/w3.org\/2000\/svg\" viewBox=\"0 0 576 512\">\n        <svg class=\"w-[16px] h-[16px]\" fill=\"currentColor\" stroke=\"currentColor\" xmlns=\"http:\/\/w3.org\/2000\/svg\" viewBox=\"0 0 576 512\">\n        <path d=\"M259.3 17.8L194 150.2 47.9 171.5c-26.2 3.8-36.7 36.1-17.7 54.6l105.7 103-25 145.5c-4.5 26.3 23.2 46 46.4 33.7L288 439.6l130.7 68.7c23.2 12.2 50.9-7.4 46.4-33.7l-25-145.5 105.7-103c19-18.5 8.5-50.8-17.7-54.6L382 150.2 316.7 17.8c-11.7-23.6-45.6-23.9-57.4 0z\"><\/path>\n      <\/svg>\n    <\/span>\n  <\/span>\n  <span class=\"social-proof-slide__block-rating-text\">\n    4.8 (678 Reviews)\n  <\/span>\n<\/div>\n\n<\/body>\n<\/html>"}},"title":{"type":"title","settings":{}},"price":{"type":"price","settings":{}},"custom_liquid_FP74dy":{"type":"custom_liquid","disabled":true,"settings":{"custom_liquid":"<div class=\"features-container\">\n  <div class=\"feature\">\n    <span class=\"feature-icon\">✅<\/span>\n    <div class=\"feature-text\">\n      <h3 class=\"feature-title\">Bénéfice<\/h3>\n      <p class=\"feature-description\"><\/p>\n    <\/div>\n  <\/div>\n  <div class=\"feature\">\n    <span class=\"feature-icon\">✅<\/span>\n    <div class=\"feature-text\">\n      <h3 class=\"feature-title\">Bénéfice <\/h3>\n      <p class=\"feature-description\"><\/p>\n    <\/div>\n  <\/div>\n  <div class=\"divider horizontal-divider\"><\/div>\n  <div class=\"divider vertical-divider\"><\/div>\n  <div class=\"feature\">\n    <span class=\"feature-icon\">✅<\/span>\n    <div class=\"feature-text\">\n      <h3 class=\"feature-title\">Bénéfice<\/h3>\n      <p class=\"feature-description\"><\/p>\n    <\/div>\n  <\/div>\n  <div class=\"feature\">\n    <span class=\"feature-icon\">✅<\/span>\n    <div class=\"feature-text\">\n      <h3 class=\"feature-title\">Bénéficet<\/h3>\n      <p class=\"feature-description\"><\/p>\n    <\/div>\n  <\/div>\n<\/div>\n \n<style>\n.features-container {\n  display: grid;\n  grid-template-columns: repeat(2, 1fr);\ncolumn-gap: -1rem; \/* Réduction de l'espace entre colonnes *\/\n  row-gap: 1rem; \/* Espace entre les lignes (optionnel) *\/\n  position: relative;\n  max-width: 600px;\n  margin: auto;\n}\n \n.feature {\n  display: flex;\n  align-items: center;\n}\n \n.feature-icon {\n  font-size: 24px; \/* Icon size *\/\n  margin-right: 12px; \/* Space between icon and text *\/\n}\n \n.feature-text {\n  display: flex;\n  flex-direction: column;\n  align-items: flex-start;\n}\n \n.feature-title {\n  font-size: 12px; \/* Title size *\/\n  margin: 0;\n}\n \n.feature-description {\n  font-size: 12px; \/* Description size *\/\n  margin: 0;\n}\n \n.divider {\n  background-color: #ccc; \/* Line color *\/\n  position: absolute;\n}\n \n.horizontal-divider {\n  top: 50%;\n  left: 0;\n  width: 100%;\n  height: 1px; \/* Line thickness *\/\n  transform: translateY(-50%);\n}\n \n.vertical-divider {\n  top: 0;\n  bottom: 0;\n  left: 50%;\n  width: 1px; \/* Line thickness *\/\n  transform: translateX(-50%);\n}\n \n@media (max-width: 600px) {\n  .features-container {\n    grid-template-columns: 1fr;\n  }\n \n  .horizontal-divider, .vertical-divider {\n    display: none;\n  }\n}\n<\/style>"}},"custom_liquid_nNzAMV":{"type":"custom_liquid","settings":{"custom_liquid":"<style>\n  p {\n    font-size: 14px;\n    line-height: 1.2;\n  }\n<\/style>\n\n<p><strong>✔️ Concentrated formula for rapid results\n<\/strong><\/p>\n<p><strong>✔️ Suitable for hair thinning, alopecia, and baldness<\/strong><\/p>\n<p><strong>✔️ Natural, Vegan, & Cruelty-Free<\/strong><\/p>\n<p><strong>✔️ No side effects<\/strong><\/p>"}},"quantity_selector":{"type":"quantity_selector","settings":{}},"custom_liquid_PR7zYH":{"type":"custom_liquid","disabled":true,"settings":{"custom_liquid":"<div class=\"stock-warning-container\">\n  <div class=\"animated-dot\"><\/div>\n  <span class=\"stock-warning-text\">Stock en baisse<\/span> <!-- Traduction : Stock en baisse -->\n<\/div>\n\n<style>\n  \/* Stock warning container *\/\n  .stock-warning-container {\n    display: flex;\n    align-items: center;\n    gap: 10px;\n    font-family: 'Montserrat', sans-serif;\n  }\n\n  \/* Animated dot *\/\n  .animated-dot {\n    width: 12px;\n    height: 12px;\n    background-color: #FF0000; \/* Red color *\/\n    border-radius: 50%;\n    box-shadow: 0 0 10px rgba(255, 0, 0, 0.5);\n    animation: pulse 1.5s infinite;\n  }\n\n  \/* Warning text *\/\n  .stock-warning-text {\n    color: #FF0000; \/* Red color to match the dot *\/\n    font-weight: 700;\n    font-size: 16px;\n  }\n\n  \/* Dot animation (pulsing effect) *\/\n  @keyframes pulse {\n    0% {\n      transform: scale(1);\n      box-shadow: 0 0 10px rgba(255, 0, 0, 0.5);\n    }\n    50% {\n      transform: scale(1.3);\n      box-shadow: 0 0 15px rgba(255, 0, 0, 0.7);\n    }\n    100% {\n      transform: scale(1);\n      box-shadow: 0 0 10px rgba(255, 0, 0, 0.5);\n    }\n  }\n<\/style>"}},"custom_liquid_TtarP9":{"type":"custom_liquid","settings":{"custom_liquid":"<section id=\"spacekris\">\n  <section id=\"lowstockkris\">\n    <article>\n      <b>\n        <ul>\n           <li>Only <span id=\"random-stock\">4<\/span> items left at this price<\/li>\n        <\/ul>\n      <\/b>\n    <\/article>\n  <\/section>\n<\/section>\n\n<script>\n  \/\/ Générer un nombre aléatoire entre 1 et 10\n  var randomStock = Math.floor(Math.random() * 10) + 1;\n\n  \/\/ Remplacer le texte dans l'élément avec l'ID 'random-stock'\n  document.getElementById(\"random-stock\").textContent = randomStock;\n<\/script>\n\n<style>\n\/* Conteneur général *\/\n#spacekris {\n  display: flex;\n  align-items: center;\n  justify-content: flex-start; \/* Alignement sur la gauche *\/\n  margin-left: 0px; \/* Pas de décalage supplémentaire *\/\n  height: 30px; \/* Hauteur ajustée *\/\n}\n\n#lowstockkris {\n  border-radius: 20px;\n  padding: 10px 15px; \/* Padding top\/bottom de 10px et gauche\/droite de 15px *\/\n  background-color: rgba(255, 0, 0, 0.1); \/* Légère transparence pour l'urgence *\/\n  display: flex;\n  align-items: center;\n  justify-content: flex-start; \/* Alignement gauche du texte *\/\n  height: 30px; \/* Hauteur ajustée *\/\n}\n\n#lowstockkris b {\n  font-size: 12px; \/* Taille du texte *\/\n  color: #AD0000; \/* Couleur rouge foncé *\/\n  font-weight: normal;\n}\n\n\/* Suppression de la liste par défaut *\/\n#lowstockkris ul {\n  list-style: none;\n  padding: 0;\n  margin: 0;\n}\n\n\/* Animation pulsation pour le point rouge *\/\n#lowstockkris li:before {\n  content: '●'; \/* Point rouge *\/\n  margin-right: 5px;\n  color: #AD0000;\n  display: inline-block; \/* Bloc en ligne pour l'animation *\/\n  animation: pulse 1.5s infinite; \/* Animation continue *\/\n}\n\n\/* Définition de l'animation de pulsation *\/\n@keyframes pulse {\n  0% {\n    transform: scale(1);\n    opacity: 1; \/* Taille et opacité normales *\/\n  }\n  50% {\n    transform: scale(1.5); \/* Agrandissement du point *\/\n    opacity: 0.5; \/* Réduction de l'opacité *\/\n  }\n  100% {\n    transform: scale(1); \/* Retour à la taille initiale *\/\n    opacity: 1; \/* Opacité normale *\/\n  }\n}\n<\/style>"}},"buy_buttons":{"type":"buy_buttons","settings":{"show_dynamic_checkout":false,"show_gift_card_recipient":true}},"custom_liquid_fHUzxC":{"type":"custom_liquid","settings":{"custom_liquid":"<div style=\"display: flex; align-items: center; justify-content: center; color: #00493B; padding: 0; margin-top: 5px;\">\n    <img src=\"https:\/\/cdn.shopify.com\/s\/files\/1\/0918\/7596\/7315\/files\/Ajouter-un-titre.webp?v=1735596053\" alt=\"Secure Payment Logo\" style=\"width: 20px; height: 20px; margin-right: 5px;\">\n    <span style=\"font-weight: 500; font-size: 14px;\">Secure Payment SSL<\/span>\n<\/div>"}},"custom_liquid_aE3wXC":{"type":"custom_liquid","settings":{"custom_liquid":"<ul style=\"justify-content: flex-start\"  class=\"list list-payment\" role=\"list\">\n              {%- for type in shop.enabled_payment_types -%}\n                <li class=\"list-payment__item\">\n                  {{ type | payment_type_svg_tag: class: 'icon icon--full-color' }}\n                <\/li>\n              {%- endfor -%}\n            <\/ul>"}},"custom_liquid_3fjPRj":{"type":"custom_liquid","settings":{"custom_liquid":"<html lang=\"en\">\n<head>\n    <meta charset=\"UTF-8\">\n    <meta name=\"viewport\" content=\"width=device-width, initial-scale=1.0\">\n    <style>\n        .video-container {\n            display: flex;\n            justify-content: space-between;\n            margin-top: 20px;\n        }\n        .video-item {\n            width: 30%; \/* Adjust width to fit three videos in a row *\/\n            position: relative;\n        }\n        .video-item video {\n            width: 100%;\n            aspect-ratio: 3 \/ 4;\n        }\n        .video-text {\n            text-align: center;\n            margin-top: 10px;\n            font-size: 14px;\n        }\n    <\/style>\n    <title>Video Sections<\/title>\n<\/head>\n<body>\n    <div class=\"video-container\">\n        <div class=\"video-item\">\n            <video autoplay muted loop playsinline>\n                <source src=\"https:\/\/cdn.shopify.com\/videos\/c\/o\/v\/7263c8b602e84f7db06efb282946a47a.mp4\" type=\"video\/mp4\">\n            <\/video>\n            <div class=\"video-text\"><\/div>\n        <\/div>\n        <div class=\"video-item\">\n            <video autoplay muted loop playsinline>\n                <source src=\"https:\/\/cdn.shopify.com\/videos\/c\/o\/v\/ef4acfae54ce4ed997f9a5a2e55dface.mp4\" type=\"video\/mp4\">\n            <\/video>\n            <div class=\"video-text\"><\/div>\n        <\/div>\n        <div class=\"video-item\">\n            <video autoplay muted loop playsinline>\n                <source src=\"https:\/\/cdn.shopify.com\/videos\/c\/o\/v\/7785b6581b634e30a483da0ad93d1083.mp4\" type=\"video\/mp4\">\n            <\/video>\n            <div class=\"video-text\"><\/div>\n        <\/div>\n    <\/div>\n<\/body>\n<\/html>"}},"collapsible_tab_mdj47A":{"type":"collapsible_tab","settings":{"heading":"8 days free shipping","icon":"truck","content":"<p><strong>Free and Fast Shipping<\/strong>: Enjoy free shipping on all orders, with no minimum purchase required. Receive your BioActive Grow Serum within 8 to 10 business days, with orders processed within 24 hours.<\/p>","page":""}},"collapsible_tab_pcdgct":{"type":"collapsible_tab","settings":{"heading":"How to use the BioActive Grow Serum?","icon":"silhouette","content":"<p><strong>1- Apply:<\/strong> Use one full pipette of serum, applying it directly onto your scalp (suitable for both wet and dry hair).<\/p><p><br\/><strong>2- Distribution:<\/strong> Spread the oil evenly across your scalp and massage with your fingers or a scalp massager.<\/p><p><br\/><strong>3-<\/strong> <strong>Leave-in time:<\/strong> Let the oil sit overnight or for at least two hours and wash it. (Recommended daily)<br\/><\/p><p><strong>4- Patch test:<\/strong> Before the first use, apply a small amount of oil behind your ear and monitor the area for 24 to 48 hours for any reaction.<\/p>","page":""}},"collapsible_tab_qfUU7Q":{"type":"collapsible_tab","settings":{"heading":"Ingredients","icon":"plant","content":"<p><strong>Ingredients: <\/strong>Rosemary oil, Avocado oil, Coconut oil, Olive oil, Lavender oil, Almond oil, Baobab oil, Argan oil, Coffee oil, Castor oil, Parsley seed oil.<\/p><p><strong>Free from:<\/strong> Synthetic fragrances, synthetic colors, parabens, sulfates, silicones, EDTA, and mineral oils.<\/p>","page":""}},"icon_with_text_WiAe8U":{"type":"icon-with-text","settings":{"layout":"horizontal","icon_1":"heart","image_1":"shopify:\/\/shop_images\/Design-sans-titre-_8.webp","heading_1":"VISIBLE RESULTS","icon_2":"none","image_2":"shopify:\/\/shop_images\/Design-sans-titre-_8_cb50cfd1-dd43-43f8-803d-038746dd75c7.webp","heading_2":"MONEY BACK GUARENTEE","icon_3":"truck","image_3":"shopify:\/\/shop_images\/2.webp","heading_3":"100% NATURAL"}}},"block_order":["judge_me_reviews_preview_badge_zM694G","custom_liquid_YHikqA","title","price","custom_liquid_FP74dy","custom_liquid_nNzAMV","quantity_selector","custom_liquid_PR7zYH","custom_liquid_TtarP9","buy_buttons","custom_liquid_fHUzxC","custom_liquid_aE3wXC","custom_liquid_3fjPRj","collapsible_tab_mdj47A","collapsible_tab_pcdgct","collapsible_tab_qfUU7Q","icon_with_text_WiAe8U"],"settings":{"enable_sticky_info":true,"color_scheme":"scheme-1","media_size":"large","constrain_to_viewport":true,"media_fit":"contain","gallery_layout":"thumbnail_slider","media_position":"left","image_zoom":"lightbox","mobile_thumbnails":"show","hide_variants":false,"enable_video_looping":false,"padding_top":32,"padding_bottom":0}},"logotesti_jigAbz":{"type":"LOGOTESTI","blocks":{"slide_FFkPEX":{"type":"slide","settings":{"image":"shopify:\/\/shop_images\/0be253f0-7bbe-46f7-804a-e5c9baf46a16.webp","link":""}},"slide_RcNjy6":{"type":"slide","settings":{"image":"shopify:\/\/shop_images\/Design_sans_titre_2.webp","link":""}},"slide_4MKbcX":{"type":"slide","settings":{"image":"shopify:\/\/shop_images\/Design_sans_titre_4.webp","link":""}},"slide_rdY646":{"type":"slide","settings":{"image":"shopify:\/\/shop_images\/Design_sans_titre_3.webp","link":""}},"slide_4xrFR6":{"type":"slide","settings":{"image":"shopify:\/\/shop_images\/Design-sans-titre-_4.webp","link":""}},"slide_bDPzhf":{"type":"slide","settings":{"image":"shopify:\/\/shop_images\/d305c51a-d048-4950-a4b0-cb61cdd73b6d.webp","link":""}},"slide_QtWhca":{"type":"slide","settings":{"image":"shopify:\/\/shop_images\/Sans_titre_1848_x_1027_px_1.webp","link":""}},"slide_93DpXW":{"type":"slide","settings":{"image":"shopify:\/\/shop_images\/Design-sans-titre-_7.webp","link":""}},"slide_4Ckm9n":{"type":"slide","settings":{"image":"shopify:\/\/shop_images\/1396edd7-d38b-4afe-bc1a-4d30b3801216.webp","link":""}},"slide_bWRY6Y":{"type":"slide","settings":{"image":"shopify:\/\/shop_images\/Capture-d_ecran-2024-12-23-a-16.56.38.webp","link":""}}},"block_order":["slide_FFkPEX","slide_RcNjy6","slide_4MKbcX","slide_rdY646","slide_4xrFR6","slide_bDPzhf","slide_QtWhca","slide_93DpXW","slide_4Ckm9n","slide_bWRY6Y"],"settings":{"ss-title":"","heading_custom":false,"heading_font":"assistant_n4","header_size":30,"header_align":"center","scrolling_velocity":25,"pause_hover":false,"shadow":false,"sliders_mt":0,"logo_padding_top":0,"logo_padding_bottom":0,"slider_gap":30,"slider_gap_mobile":30,"slider_direction":"left","icon_width":110,"header_color":"#121212","border_color":"#f3f3f3","background-color":"#eaefe9","slider-background-color":"#eaefe9","margin_top":20,"margin_bottom":0,"padding_top":36,"padding_bottom":36,"full_width":true,"content_width":120,"border_thickness":0,"lazy":true}},"testimonial_elite_cy47by":{"type":"testimonial-elite","blocks":{"slide_76w9zr":{"type":"slide","settings":{"image":"shopify:\/\/shop_images\/1_42fe5e52-eccc-43b1-96db-408b9dfd5cd9.png","rating":5,"title":"Chris","content":"This serum has completely transformed my hair. My scalp is no longer visible, and I feel like I’ve regained the hair I had in my 30s. Absolutely worth it!"}},"slide_4x3hDm":{"type":"slide","settings":{"image":"shopify:\/\/shop_images\/10.png","rating":5,"title":"Lily","content":"I started noticing hair thinning during menopause, and it was devastating. After six months of using this product, my hairline looks fuller, and I feel so much more confident."}},"slide_i3ytxa":{"type":"slide","settings":{"image":"shopify:\/\/shop_images\/7.png","rating":5,"title":"Eric","content":"I was skeptical at first, but after consistent use, the results are undeniable. My hair looks fuller, and I no longer feel self-conscious about my hairline. This product is a lifesaver."}},"slide_CAdEGQ":{"type":"slide","settings":{"image":"shopify:\/\/shop_images\/9.png","rating":5,"title":"Sophia","content":"This product has been a game-changer. After years of dealing with postpartum hair loss, I finally see my hair growing back stronger than ever. I’m so grateful for this serum"}},"slide_iJVTai":{"type":"slide","settings":{"image":"shopify:\/\/shop_images\/8.png","rating":5,"title":"Chris","content":"I’ve always had fine hair, but this serum gave me a boost. I’m seeing new growth, and my hair looks so much thicker now. Couldn’t be happier."}},"slide_gxzfWe":{"type":"slide","settings":{"image":"shopify:\/\/shop_images\/6.png","rating":4,"title":"Mark","content":"My wife noticed the difference before I did. After just 90 days, my hair started to look healthier and thicker. I wish I’d started using this sooner."}},"slide_E99TWP":{"type":"slide","settings":{"image":"shopify:\/\/shop_images\/5.png","rating":5,"title":"Andrew","content":"At my age, I didn’t think I’d find a solution for thinning hair. This serum has been a game-changer. My barber noticed the difference before I did!"}},"slide_my4z3M":{"type":"slide","settings":{"image":"shopify:\/\/shop_images\/11.png","rating":5,"title":"Lauren","content":"I’ve been using this serum for six months, and the results are incredible. My hairline is fuller, my scalp feels healthier, and even my hairdresser is amazed!"}},"slide_M6UKeq":{"type":"slide","settings":{"image":"shopify:\/\/shop_images\/4.png","rating":5,"title":"Ethan","content":"My hair was thinning fast, and I was ready to try anything. This bioactive grow serum has exceeded my expectations—my hair feels thicker, and my scalp is less visible. Highly recommended!"}},"slide_hGxrMq":{"type":"slide","settings":{"image":"shopify:\/\/shop_images\/3_0d01a184-5eff-4c72-a128-245c117fcd80.png","rating":5,"title":"Daniel","content":"I wasn’t sure if this would work for me, but it has completely transformed my hair. My scalp is less visible, and my confidence is through the roof. Highly recommended!"}},"slide_hXgfUD":{"type":"slide","settings":{"image":"shopify:\/\/shop_images\/2_29531627-f789-49d0-8f8f-a0db4a70a5c6.png","rating":5,"title":"Mike","content":"At my age, I didn’t expect much improvement, but I was blown away. After a few months, my hair looks and feels fantastic."}}},"block_order":["slide_76w9zr","slide_4x3hDm","slide_i3ytxa","slide_CAdEGQ","slide_iJVTai","slide_gxzfWe","slide_E99TWP","slide_my4z3M","slide_M6UKeq","slide_hGxrMq","slide_hXgfUD"],"settings":{"heading":"<p><strong>Join Our Community<\/strong><\/p>","heading_size":24,"heading_color":"#000000","heading_size_mobile":20,"stars":5,"stars_size":15,"stars_color":"#ffd700","rating":"<p><strong>4.7\/5 <\/strong> Customers reviews<\/p>","rating_size":18,"rating_color":"#000000","rating_size_mobile":16,"image_border_radius":10,"image_border_width":1,"image_border_style":"solid","image_border_color":"#f3f3f3","item_stars_color":"#ffd700","item_title_size":18,"item_title_weight":"bold","item_title_color":"#000000","item_title_size_mobile":16,"item_text_size":16,"item_text_color":"#333333","item_text_size_mobile":14,"item_background":"#ffffff","item_border_width":1,"item_border_style":"solid","item_border_color":"#f3f3f3","item_border_radius":10,"enable_navigation_top":true,"enable_navigation_bottom":true,"navigation_color":"#0a3012","navigation_background":"#ffffff","layout_margin_top":0,"layout_margin_bottom":0,"layout_background":"#ffffff"}},"rich_text_G8Kw7m":{"type":"rich-text","blocks":{"heading_NUEiN7":{"type":"heading","disabled":true,"settings":{"heading":"Talk about your brand","heading_size":"h1"}}},"block_order":["heading_NUEiN7"],"settings":{"desktop_content_position":"center","content_alignment":"center","color_scheme":"","full_width":true,"padding_top":0,"padding_bottom":0}},"ss_image_with_text_5_AKiWP3":{"type":"ss-image-with-text-5","blocks":{"slide_eDEmkd":{"type":"slide","settings":{"heading":"<h2>Results demonstrated after 150 days<\/h2>","sub_heading":"<p>Clinic Study<\/p>","text":"<p>We have developed and trademarked the Bio-Pilixin® formula, which has been clinically tested in a proprietary third-party study. Our Bio-Pilixin® Activation Serum demonstrated the following results:<\/p>","button":"","button_url":"","image":"shopify:\/\/shop_images\/1_660251d2-ca1e-4fc6-b674-af8ccb2090a6.png","button_color":"#ffffff","button_hover_color":"#ffffff","button_bg_color":"#d3643f","button_bg_hover_color":"#d3643f","button_border_color":"#d3643f","button_border_hover_color":"#d3643f","content_bg_color":"#e0e7df","content_border_color":"#000000","heading_color":"#0a3012","sub_heading_color":"#0a3012","text_color":"#0a3012","image_border_color":"#000000"}},"slide_cVHwAf":{"type":"slide","settings":{"heading":"<h2>Real people, real results<\/h2>","sub_heading":"<p>User Trials<\/p>","text":"<p>We are committed to using effective active ingredients to create products that help users achieve their hair goals. Recently, a survey of 440 of our customers provided us with valuable insights into their experiences and preferences:<\/p>","button":"","button_url":"","image":"shopify:\/\/shop_images\/Design_sans_titre_6.png","button_color":"#ffffff","button_hover_color":"#ffffff","button_bg_color":"#f3f3f3","button_bg_hover_color":"#d3643f","button_border_color":"#d3643f","button_border_hover_color":"#d3643f","content_bg_color":"#f3f3f3","content_border_color":"#000000","heading_color":"#0a3012","sub_heading_color":"#0a3012","text_color":"#0a3012","image_border_color":"#000000"}}},"block_order":["slide_eDEmkd","slide_cVHwAf"],"settings":{"autoplay":true,"autoplay_delay":4,"slide_gap":20,"slide_gap_mobile":20,"content_padding_vertical":70,"content_padding_vertical_mobile":24,"content_padding_horizontal":34,"content_padding_horizontal_mobile":24,"content_radius":0,"content_border_thickness":0,"heading_custom":true,"heading_font":"poppins_n7","heading_size":38,"heading_size_mobile":28,"heading_height":130,"heading_mt":30,"heading_align":"center","heading_align_mobile":"center","heading_position":"2","heading_position_mobile":"2","sub_heading_custom":false,"sub_heading_font":"josefin_sans_n4","sub_heading_size":20,"sub_heading_size_mobile":12,"sub_heading_height":100,"sub_heading_mt":0,"sub_heading_align":"center","sub_heading_align_mobile":"center","sub_heading_position":"1","sub_heading_position_mobile":"1","text_custom":true,"text_font":"poppins_n4","text_size":16,"text_size_mobile":16,"text_height":150,"text_mt":18,"text_align":"center","text_align_mobile":"center","text_position":"3","text_position_mobile":"3","button_custom":true,"button_font":"poppins_n4","button_size":14,"button_size_mobile":14,"button_height":100,"button_align":"center","button_align_mobile":"center","button_mt":30,"button_padding_vertical":18,"button_padding_vertical_mobile":18,"button_padding_horizontal":30,"button_padding_horizontal_mobile":30,"button_radius":0,"button_border_thickness":0,"button_position":"4","button_position_mobile":"4","image_width":53,"image_width_mobile":100,"image_position":"first","image_position_mobile":"first","image_border_thickness":0,"image_radius":0,"image_height_mobile":400,"image_height_desktop":600,"dots_margin":28,"dots_size":8,"dots_size_mobile":8,"dots_show_desktop":true,"dots_show_mobile":true,"dots_color":"#0a3012","background_color":"#ffffff","background_gradient":"","border_color":"#000000","margin_top":0,"margin_bottom":0,"padding_top":36,"padding_bottom":36,"padding_horizontal":5,"padding_horizontal_mobile":1.5,"full_width":false,"content_width":130,"border_thickness":0,"lazy":true}},"dream_WtQRU3":{"type":"Dream","blocks":{"left_testimonial_dHJGGx":{"type":"left_testimonial","settings":{"image":"shopify:\/\/shop_images\/94e2430d-d4b1-4e8d-b5d6-ced8ad899214_bienfait-huile-argan_avec_arriere-plan_supprime_5ab77fa6-1f10-465c-8776-2bb5a42b48f1.png","title":"Argan Oil","desc":"Deeply nourishes and protects hair from external damage."}},"left_testimonial_BiFJFm":{"type":"left_testimonial","settings":{"image":"shopify:\/\/shop_images\/BaobabFruit_avec_arriere-plan_supprime.png","title":"Baobab Oil","desc":"Activates growth with omega-3."}},"left_testimonial_nTTWfK":{"type":"left_testimonial","settings":{"image":"shopify:\/\/shop_images\/noix-de-coco_avec_arriere-plan_supprime.png","title":"Coconut Oil","desc":"Locks in proteins for healthy, hydrated growth."}},"right_testimonial_DVX4xp":{"type":"right_testimonial","settings":{"image":"shopify:\/\/shop_images\/gempages_527828755872220272-9f797777-3594-42a2-94f2-a59ce14dc50a_avec_arriere-plan_supprime_01186730-58c7-4b43-a7a1-cf0c3b2b7306.png","title":"Coffee Oil","desc":"Promotes growth and reduces breakage.","web_top":10,"web_left":40,"mobile_top":5,"mobile_left":21}},"right_testimonial_kjmX7L":{"type":"right_testimonial","settings":{"image":"shopify:\/\/shop_images\/gempages_527828755872220272-d5d8ce5a-3137-4b4b-b627-bec2b91ab0c4_avec_arriere-plan_supprime_87055383-0e04-45c5-9da5-49a9c8dedfc8.png","title":"Rosemary Oil","desc":"Stimulates growth and prevents hair loss.","web_top":35,"web_left":10,"mobile_top":42,"mobile_left":0}},"right_testimonial_6xAGgw":{"type":"right_testimonial","settings":{"image":"shopify:\/\/shop_images\/gempages_527828755872220272-432eda71-6a1b-4b9f-b432-cb008959e9b0_avec_arriere-plan_supprime_8daddd88-1df0-4148-9146-ddf153aca4cc.png","title":"Castor Oil","desc":"Strengthens hair from the roots.","web_top":75,"web_left":35,"mobile_top":77,"mobile_left":34}}},"block_order":["left_testimonial_dHJGGx","left_testimonial_BiFJFm","left_testimonial_nTTWfK","right_testimonial_DVX4xp","right_testimonial_kjmX7L","right_testimonial_6xAGgw"],"settings":{"heading":"Our natural ingredients, backed by science","heading_size":42,"heading_size_mobile":32,"heading_weight":700,"heading_color":"#121212","left_title_size":20,"left_title_size_mobile":18,"left_title_weight":700,"left_title_color":"#121212","left_desc_size":16,"left_desc_size_mobile":14,"left_desc_color":"#121212","left_image_radius":50,"left_image_border_w":0,"left_image_border_color":"#121212","left_radius":0,"left_border_w":0,"left_border_color":"#121212","left_bg":"rgba(0,0,0,0)","icon":"","image":"shopify:\/\/shop_images\/DALL_E_2024-12-18_07.48.03_-_A_highly_realistic_and_detailed_illustration_of_a_single_drop_of_golden_oil_with_a_glossy_and_reflective_surface_surrounded_by_soft_light._The_drop_s_avec_6886fec9-b739-4663-a649-6b350cabb3a1.png","right_title_size":18,"right_title_size_mobile":16,"right_title_weight":700,"right_title_color":"#000000","right_image_radius":50,"right_image_border_w":0,"right_image_border_color":"#000000","right_radius":50,"right_border_w":1,"right_border_color":"#88a751","right_bg":"#f0f2ec","desc_title_size":18,"desc_title_size_mobile":15,"desc_title_color":"#121212","desc_btn_close_color":"#f6e8e8","desc_radius":12,"desc_border_w":1,"desc_border_color":"#ffffff","desc_bg":"#ffffff","full_width":false,"section_mt":10,"section_mb":20,"full_border":false,"section_radius":0,"section_border_w":1,"section_border_color":"#000000","section_bg":"#ffffff"}},"chronologie_gfmWga":{"type":"Chronologie","blocks":{"chronologie_Y4MyF9":{"type":"chronologie","settings":{"image":"shopify:\/\/shop_images\/1224.gif","heading":"What’s the cause of hair loss?","content":"<p>Hair loss can stem from genetics, hormones, medication, illness, or lifestyle—all affecting the hair growth cycle.<\/p><p>Normally, 90% of hair is in the growth phase, and 10% in the shedding phase. Hair loss occurs when this balance shifts.<\/p>"}},"chronologie_yEMnPU":{"type":"chronologie","settings":{"image":"shopify:\/\/shop_images\/1225.gif","heading":"The solution","content":"<p>To stop shedding and promote growth, two things are needed:<\/p><p>\t1.\tMore hairs in the growth phase.<\/p><p>\t2.\tFewer hairs in the shedding phase.<\/p><p>While genetics can’t be controlled, research shows it’s possible to rebalance the hair growth cycle—often naturally, without medication.<\/p>"}},"chronologie_fyHcig":{"type":"chronologie","settings":{"image":"shopify:\/\/shop_images\/1226.gif","heading":"Clinically tested hair growth, without drugs","content":"<p>In a 150-day trial with 30 participants, the BioActive Grow Serum extended the growth phase and reduced shedding.<\/p><p>Results:<\/p><p>\t•\t<strong>93%<\/strong> satisfied<\/p><p>\t•\t<strong>93%<\/strong> less hair loss<\/p><p>\t•\t<strong>73%<\/strong> increased hair density<\/p>"}}},"block_order":["chronologie_Y4MyF9","chronologie_yEMnPU","chronologie_fyHcig"],"settings":{"heading":"Hair loss can be reduced","heading_size":40,"heading_weight":"400","heading_font":"poppins_n7","heading_color":"#284634","heading_size_mobile":28,"subheading":"As long as there are active hair follicles, there is a chance for growth. But how to know if they’re active? In most early-stage hair loss cases, the follicles are still capable of growing hair. They just need some help.","subheading_size":18,"subheading_weight":"400","subheading_font":"poppins_n4","subheading_color":"#a6a690","subheading_size_mobile":16,"block_heading_size":24,"block_heading_weight":"400","block_heading_font":"poppins_n4","block_heading_color":"#284634","block_heading_size_mobile":20,"block_content_size":16,"block_content_weight":"400","block_content_font":"poppins_n4","block_content_color":"","block_content_size_mobile":14,"num_line_background":"#ffffff","num_line_color":"#497e5a","layout_background":"#f3f3f3","margin_top":0,"layout_margin_bottom":0}},"us_vs_other_Vym6YT":{"type":"us-vs-other","blocks":{"compare_header_qR7fGP":{"type":"compare_header","settings":{"logo":"shopify:\/\/shop_images\/2_920de6d2-a801-42e3-b824-cb526254f02e_avec_arriere-plan_supprime.png","heading":"BioActive Grow Serum"}},"compare_header_tDHLXk":{"type":"compare_header","settings":{"logo":"shopify:\/\/shop_images\/gempages_527828755872220272-0dc04358-6111-491d-a0b8-71094f202e3b.webp","heading":"Minoxidil"}},"compare_header_9D4daV":{"type":"compare_header","settings":{"logo":"shopify:\/\/shop_images\/2149106326.jpg","heading":"Surgical Procedure"}},"compare_content_RCUqFJ":{"type":"compare_content","settings":{"heading":"100% vegan","active_1":true,"active_2":false,"active_3":false,"active_4":false,"active_5":false,"active_6":false}},"compare_content_RwCRVt":{"type":"compare_content","settings":{"heading":"No Side Effects","active_1":true,"active_2":false,"active_3":false,"active_4":true,"active_5":false,"active_6":true}},"compare_content_kFPNJJ":{"type":"compare_content","settings":{"heading":"Non-Intrusive","active_1":true,"active_2":true,"active_3":false,"active_4":false,"active_5":true,"active_6":true}},"compare_content_wVXQH4":{"type":"compare_content","settings":{"heading":"Pain-Free","active_1":true,"active_2":true,"active_3":false,"active_4":false,"active_5":false,"active_6":false}},"compare_price_P8Y8LQ":{"type":"compare_price","settings":{"heading":"Time to See Results","active_price_1":"3 months","active_price_2":"6 months","active_price_3":"Immediate, but recovery time needed","active_price_4":"","active_price_5":"","active_price_6":""}}},"block_order":["compare_header_qR7fGP","compare_header_tDHLXk","compare_header_9D4daV","compare_content_RCUqFJ","compare_content_RwCRVt","compare_content_kFPNJJ","compare_content_wVXQH4","compare_price_P8Y8LQ"],"settings":{"heading":"How are we different from other brands?","heading_size":40,"heading_weight":"400","heading_color":"#000000","heading_font":"josefin_sans_n4","heading_size_mobile":24,"heading_weight_mobile":"400","subheading":"Learn what makes our brand unique with our detailed breakdown of key features.","subheading_size":18,"subheading_weight":"400","subheading_color":"#3f3636","subheading_font":"josefin_sans_n4","subheading_size_mobile":16,"subheading_weight_mobile":"400","compare_text_color":"#3f3636","compare_text_size":20,"compare_text_weight":"400","compare_text_font":"josefin_sans_n4","compare_background":"#f0f2ec","compare_background_active":"#0a3012","compare_text_color_active":"#ffffff","compare_text_size_mobile":12,"compare_text_weight_mobile":"400","compare_radius":5,"enable_logo_border":true,"logo_border_size":1,"logo_border_color":"#000000","logo_border_style":"solid","vs_bg_color":"#88a751","vs_text_color":"#ffffff","line_color":"#d9d9d9","line_size":1,"line_style":"solid","bottom_text":"","bottom_text_size":12,"bottom_text_weight":"400","bottom_text_color":"#afabab","bottom_text_font":"josefin_sans_n4","bottom_text_size_mobile":10,"bottom_text_weight_mobile":"400","layout_margin_top":0,"layout_margin_bottom":0,"layout_width":false}},"video_slider_pWNjnc":{"type":"video-slider","blocks":{"testimonial_FtVmyz":{"type":"testimonial","settings":{"video":"shopify:\/\/files\/videos\/1225.mp4"}},"testimonial_MmK8dp":{"type":"testimonial","settings":{"video":"shopify:\/\/files\/videos\/Snaptik.app_7435735228959788321.mp4"}},"testimonial_983bxg":{"type":"testimonial","settings":{"video":"shopify:\/\/files\/videos\/1228.mp4"}}},"block_order":["testimonial_FtVmyz","testimonial_MmK8dp","testimonial_983bxg"],"disabled":true,"settings":{"title":"Video slider","heading_size":"h1","heading_alignment":"center","heading_tag":"h2","padding_top":36,"padding_bottom":36}},"sp_faq_9d6xPb":{"type":"sp-faq","blocks":{"question_w4VaBq":{"type":"question","settings":{"question":"When will the results begin to show?","answer":"<p>Its simple really. You just add the questions as blocks and then you edit the question and answer.<\/p>"}},"question_KPNnfm":{"type":"question","settings":{"question":"<strong>If I stop using the product, will my hair fall out?<\/strong>","answer":"<p>No, not at all! Your hair will not fall out, and the growth you’ve achieved will remain in place for a long time.<\/p><p>However, keep in mind that your hair’s growth cycle will return to its natural rhythm if you stop using BioActive Grow Serum. This means you may no longer benefit from the consistent and accelerated growth that the product provides.<\/p><p>That’s why our most satisfied customers, who have experienced the best results, typically continue using BioActive Grow Serum over the long term to support their hair’s natural growth process.<\/p>"}},"question_mxTQxN":{"type":"question","settings":{"question":"<strong>Are there any side effects?<\/strong>","answer":"<p>Our formula is specially designed to be gentle and safe for everyone!<\/p><p>Our products are gluten-free and vegan.<\/p><p>However, avoid any contact with the formula and your eyes. If the product comes into contact with your eyes, rinse them thoroughly with water.<\/p>"}},"question_qhVmF8":{"type":"question","settings":{"question":"<strong>Is the serum suitable for all hair types?<\/strong>","answer":"<p>Yes, our serum is designed to be effective on all hair types, whether straight, curly, coily, or wavy. It nourishes and revitalizes the hair without weighing it down.<\/p>"}},"question_gJmUn9":{"type":"question","settings":{"question":"<strong>My hair is thin and sparse. Will this work for me?<\/strong>","answer":"<p>Absolutely!<\/p><p>We’ve received excellent feedback stating that the BioActive Grow Serum genuinely thickens hair, not just regrowing what was lost.<\/p>"}},"question_HPKF3L":{"type":"question","settings":{"question":"<strong>Is it safe to use on colored hair?<\/strong>","answer":"<p>Yes, this product is 100% safe as it is made from natural ingredients and contains no harsh chemicals. It is completely safe for colored hair.<\/p>"}},"question_xkCwqU":{"type":"question","settings":{"question":"<strong>Can I use other products as well?<\/strong>","answer":"<p>Yes, you can! The <strong>BioActive Grow Serum<\/strong> can be used alongside any other routine you are already following.<\/p>"}},"question_NgJ3fb":{"type":"question","settings":{"question":"<strong>Is my payment information secure?<\/strong>","answer":"<p>Your data is processed through a secure payment system with SSL encryption, following the latest security standards. Your information is never at risk during transmission. Your security is our top priority!<\/p>"}}},"block_order":["question_w4VaBq","question_KPNnfm","question_mxTQxN","question_qhVmF8","question_gJmUn9","question_HPKF3L","question_xkCwqU","question_NgJ3fb"],"settings":{"override_fonts":false,"headline_font":"sans-serif","text_font":"sans-serif","text_size":15,"mobile_text_size":15,"text_line_height":"inherit","headline_size":26,"mobile_headline_size":26,"headline_line_height":"inherit","text_color":"#111111","link_color":"#005bd3","show_on_device":"all","section_background_color":"radial-gradient(rgba(243, 243, 243, 1), rgba(243, 243, 243, 1) 100%)","section_padding_top_bottom":25,"mobile_section_padding_top_bottom":25,"section_padding_left_right":25,"mobile_section_padding_left_right":25,"container_background_color":"","container_max_width":1000,"container_padding_top_bottom":10,"mobile_container_padding_top_bottom":10,"container_padding_left_right":10,"mobile_container_padding_left_right":10,"element_spacing":15,"container_radius":0,"container_shadow":false,"container_border_size":0,"container_border_color":"#888888","question_text_size":25,"question_color":"#111111","answer_color":"#555555","text_alignment":"center","mobile_text_alignment":"center","headline":"<strong>FAQ<\/strong>","text":"","headline_spacing":15}},"image_with_text_wKqEJA":{"type":"image-with-text","blocks":{"heading_kAhzdH":{"type":"heading","settings":{"heading":"If you don’t see results in 150 days, we’ll refund you","heading_size":"h2"}},"text_r7bXLx":{"type":"text","settings":{"text":"<p><strong>Step 1: Document your journey<\/strong><\/p><p>Take a photo of the treated area each month, starting pre-treatment. You might be surprised at how much progress you’ve made!<\/p><p><strong>Step 2: Use the BioActive Grow Serum daily<\/strong><\/p><p>Make sure to apply Activation Serum every day, even if you skip the shampoo and conditioner.<\/p><p><strong>Step 3: Stick to it for 150 days<\/strong><\/p><p>Use at least five bottles of BioActive Grow Serum over a 150-day period. This is the period in which our clinical test showed noticeable results for 97% of participants.<\/p>","text_style":"body"}}},"block_order":["heading_kAhzdH","text_r7bXLx"],"settings":{"image":"shopify:\/\/shop_images\/mbg_women_750x_4e7d0ed9-b885-4898-8a95-23dc7012cfd8.webp","height":"adapt","desktop_image_width":"small","layout":"image_first","desktop_content_position":"top","desktop_content_alignment":"left","content_layout":"overlap","section_color_scheme":"scheme-1","color_scheme":"scheme-3","image_behavior":"none","mobile_content_alignment":"left","padding_top":24,"padding_bottom":36}},"ss_feature_12_pERQby":{"type":"ss-feature-12","blocks":{"item_RDRPXQ":{"type":"item","settings":{"icon":"return_arrow","title":"Garantie satisfait ou remboursé","text":"Commandez sans crainte : retour et remboursement possible sous 30 jours.","url":"","icon_color":"#2d7156","icon_bg_color":"#aef2d7","icon_shadow_color":"#e5fdf3"}},"item_i4AFmx":{"type":"item","settings":{"icon":"price","title":"Livraison rapide et suivie","text":"Recevez votre colis en 3 à 5 jours avec un suivi précis pour une tranquillité totale","url":"","icon_color":"#f83062","icon_bg_color":"#ffe9f1","icon_shadow_color":"#fef4f6"}},"item_KHqUHE":{"type":"item","settings":{"icon":"payment","title":"Paiement 100 % sécurisé","text":"Vos données bancaires sont protégées grâce au cryptage SSL avancé.","url":"","icon_color":"#2168f2","icon_bg_color":"#e9f4ff","icon_shadow_color":"#f4fafe"}},"item_ehbenU":{"type":"item","settings":{"icon":"star","title":"Service client disponible 7j\/7","text":"Notre équipe est à votre écoute à tout moment pour répondre à vos questions","url":"","icon_color":"#d73e3e","icon_bg_color":"#ffe9e9","icon_shadow_color":"#fef6f4"}}},"block_order":["item_RDRPXQ","item_i4AFmx","item_KHqUHE","item_ehbenU"],"disabled":true,"settings":{"heading":"","heading_custom":false,"heading_font":"josefin_sans_n4","heading_size":16,"heading_size_mobile":16,"heading_height":150,"heading_align":"center","heading_align_mobile":"center","items_style":"grid","items_style_mobile":"slider","items_row":4,"items_row_mobile":1.3,"items_gap":20,"items_gap_mobile":20,"items_mt":28,"items_mt_mobile":22,"item_padding_vertical":24,"item_padding_vertical_mobile":24,"item_padding_horizontal":24,"item_padding_horizontal_mobile":24,"item_radius":8,"item_border_thickness":1,"item_shadow":true,"item_hover":true,"content_align":"start","content_align_mobile":"start","icon_size":56,"icon_size_mobile":56,"hide_icon":false,"title_custom":false,"title_font":"din_next_n7","title_size":18,"title_size_mobile":18,"title_height":130,"title_mt":28,"title_mt_mobile":28,"text_custom":false,"text_font":"itc_johnston_n5","text_size":16,"text_size_mobile":16,"text_height":150,"text_mt":8,"text_mt_mobile":8,"dots_size":12,"dots_size_mobile":12,"dots_mt":32,"dots_show_desktop":true,"dots_show_mobile":true,"item_bg":"#ffffff","item_border_color":"#f1f2f2","item_shadow_color":"#42474c","title_color":"#000000","text_color":"#52525b","dots_color":"#52525b","heading_color":"#0a455f","background_color":"#ffffff","background_gradient":"","border_color":"#000000","margin_top":0,"margin_bottom":0,"padding_top":36,"padding_bottom":36,"padding_horizontal":5,"padding_horizontal_mobile":1.5,"full_width":false,"content_width":150,"border_thickness":0,"lazy":true}},"related-products":{"type":"related-products","disabled":true,"settings":{"heading":"You may also like","heading_size":"h2","products_to_show":4,"columns_desktop":4,"color_scheme":"scheme-1","image_ratio":"square","image_shape":"default","show_secondary_image":true,"show_vendor":false,"show_rating":false,"columns_mobile":"2","padding_top":36,"padding_bottom":28}},"1735408259a119d323":{"type":"apps","blocks":{"judge_me_reviews_review_widget_ePfQ6Q":{"type":"shopify:\/\/apps\/judge-me-reviews\/blocks\/review_widget\/61ccd3b1-a9f2-4160-9fe9-4fec8413e5d8","settings":{}}},"block_order":["judge_me_reviews_review_widget_ePfQ6Q"],"settings":{"include_margins":true}}},"order":["sp_hero_znRU87","rich_text_LMwBUz","barredefilante_VkAkRf","main","logotesti_jigAbz","testimonial_elite_cy47by","rich_text_G8Kw7m","ss_image_with_text_5_AKiWP3","dream_WtQRU3","chronologie_gfmWga","us_vs_other_Vym6YT","video_slider_pWNjnc","sp_faq_9d6xPb","image_with_text_wKqEJA","ss_feature_12_pERQby","related-products","1735408259a119d323"]}